﻿<?xml version="1.0" encoding="UTF-8"?>

<ClinicalDocument xmlns="urn:hl7-org:v3" xmlns:mif="urn:hl7-org:v3/mif" xmlns:xsi="http://www.w3.org/2001/XMLSchema-instance" xsi:schemaLocation="urn:hl7-org:v3 ..\sdschemas\CDA.xsd">
  <realmCode code="CN"/>
  <typeId extension="POCD_MT000040" root="2.16.840.1.113883.1.3"/>
  <templateId root="2.16.156.10011.2.1.1.21"/>
  <!--文档流水号-->
  <id extension="${docInfo.docId}" root="2.16.156.10011.1.1"/>
  <code code="C0001" codeSystem="2.16.156.10011.2.4" codeSystemName="卫生信息共享文档规范编码体系"/>
  <title>病历概要</title>
  <!--文档机器生成时间-->
  <effectiveTime value="${docInfo.effectiveTime}"/>
  <confidentialityCode code="N" codeSystem="2.16.840.1.113883.5.25" codeSystemName="Confidentiality" displayName="正常访问保密级别"/>
  <languageCode code="zh-CN"/>
  <setId/>
  <versionNumber/>
  <recordTarget contextControlCode="OP" typeCode="RCT">
    <patientRole classCode="PAT">
      <!--健康档案标识号-->
      <id extension="${emrBasicpatient.healthFileNo!'NA'}" root="2.16.156.10011.1.2"/>
      <!--健康卡号-->
      <id extension="${emrBasicpatient.healthCardNo!'NA'}" root="2.16.156.10011.1.19"/>
      <addr use="H">
        <!--地址-门牌号码-->
        <houseNumber>${emrBasicpatient.addressDoors!'NA'}</houseNumber>
        <!--地址-村（街、路、弄等）-->
        <streetName>${emrBasicpatient.addressVillage!'NA'}</streetName>
        <!--地址-乡（镇、街道办事处）-->
        <township>${emrBasicpatient.addressTownship!'NA'}</township>
        <!--地址-县（区）-->
        <county>${emrBasicpatient.addressCounty!'NA'}</county>
        <!-- 地址-市（地区、州）-->
        <city>${emrBasicpatient.addressCity!'NA'}</city>
        <!-- 地址-省（自治区、直辖市）-->
        <state>${emrBasicpatient.addressProvince!'NA'}</state>
        <!--地址-邮政编码-->
        <#if emrBasicpatient.zipCode??>
        <postalCode>${emrBasicpatient.zipCode!'NA'}</postalCode>
        </#if>
      </addr>
      <#if emrBasicpatient.currentPhone??>
      <!--患者电话-->
      <telecom value="<@privacy_tag value="${emrBasicpatient.currentPhone!'NA'}" privacyId="5">${privacy}</@privacy_tag>"/>
      </#if>
      <patient classCode="PSN" determinerCode="INSTANCE">
        <!--患者身份标识-->
        <id extension="<@privacy_tag value="${emrBasicpatient.identityNo!'NA'}" privacyId="1">${privacy}</@privacy_tag>" root="2.16.156.10011.1.3"/>
        <!--患者姓名-->
        <name><@privacy_tag value="${emrBasicpatient.patientName!'NA'}" privacyId="2">${privacy}</@privacy_tag></name>
        <!--性别代码-->
        <administrativeGenderCode code="${emrBasicpatient.patientSex!'NA'}" codeSystem="2.16.156.10011.2.3.3.4" codeSystemName="生理性别代码表(GB/T 2261.1)" displayName="<@dict_tag value="${emrBasicpatient.patientSex!'NA'}" datasetCloumn="PATIENT_SEX">${dict.desc}</@dict_tag>"/>
        <birthTime value="${emrBasicpatient.birthday!'NA'}"/>
        <!--婚姻状况代码-->
        <maritalStatusCode code="${emrBasicpatient.maritalStatusCode!'NA'}" codeSystem="2.16.156.10011.2.3.3.5" codeSystemName="婚姻状况代码表(GB/T 2261.2)" displayName="<@dict_tag value="${emrBasicpatient.maritalStatusCode!'NA'}" datasetCloumn="MARITAL_STATUS_CODE">${dict.desc}</@dict_tag>"/>
        <!--民族代码-->
        <ethnicGroupCode code="${emrBasicpatient.nation!'NA'}" codeSystem="2.16.156.10011.2.3.3.3" codeSystemName="民族类别代码表(GB 3304)" displayName="<@dict_tag value="${emrBasicpatient.nation!'NA'}" datasetCloumn="NATION">${dict.desc}</@dict_tag>"/>
        <#if emrBasicpatient.occupationName??>
        <!--工作单位-->
        <employerOrganization>
          <name>${emrBasicpatient.occupationName!'NA'}</name>
          <telecom value="${emrBasicpatient.workunitPhone!'NA'}"/>
        </employerOrganization>
        </#if>
        <!--职业状况-->
        <#if emrBasicpatient.occupatientionClassCode??>
        <occupation>
          <occupationCode code="${emrBasicpatient.occupatientionClassCode!'NA'}" codeSystem="2.16.156.10011.2.3.3.13" codeSystemName="从业状况(个人身体)代码表(GB/T 2261.4)" displayName="<@dict_tag value="${emrBasicpatient.occupatientionClassCode!'NA'}" datasetCloumn="OCCUPATIENTION_CLASS_CODE">${dict.desc}</@dict_tag>"/>
        </occupation>
        </#if>
      </patient>
    </patientRole>
  </recordTarget>
  <!--创建者-->
  <author contextControlCode="OP" typeCode="AUT">
    <!--建档日期-->
    <time value="${emrBasicpatient.inputDate!'NA'}"/>
    <assignedAuthor classCode="ASSIGNED">
      <id extension="${emrBasicpatient.inputName!'NA'}" root="2.16.156.10011.1.7"/>
      <!--建档者姓名-->
      <assignedPerson>
        <name>${emrBasicpatient.inputName!'NA'}</name>
      </assignedPerson>
      <!--建档机构-->
      <representedOrganization>
        <id extension="${emrBasicpatient.inputOrganCode!'NA'}" root="2.16.156.10011.1.5"/>
        <name>${hospitalInfo.organName!'NA'}</name>
      </representedOrganization>
    </assignedAuthor>
  </author>
  <!--保管机构-->
  <custodian typeCode="CST">
    <assignedCustodian classCode="ASSIGNED">
      <representedCustodianOrganization classCode="ORG" determinerCode="INSTANCE">
        <id extension="${emrHealthevents.organCode!'NA'}" root="2.16.156.10011.1.5"/>
        <name>${hospitalInfo.organName!'NA'}</name>
      </representedCustodianOrganization>
    </assignedCustodian>
  </custodian>
  <!--其他参与者（联系人）@typeCode: NOT(ugent notification contact)，固定值，表示不同的参与者-->
  <participant typeCode="NOT">
    <!--联系人@classCode：CON，固定值，表示角色是联系人-->
    <associatedEntity classCode="ECON">
      <!--联系人类别，表示与患者之间的关系-->
      <code/>
      <!--联系人地址-->
      <addr>
        <houseNumber>${emrBasicpatient.addressDoors!'NA'}</houseNumber>
        <streetName>${emrBasicpatient.addressVillage!'NA'}</streetName>
        <county>${emrBasicpatient.addressCounty!'NA'}</county>
        <city>${emrBasicpatient.addressCity!'NA'}</city>
        <state>${emrBasicpatient.addressProvince!'NA'}</state>
        <#if emrBasicpatient.zipCode??>
        <postalCode>${emrBasicpatient.zipCode!'NA'}</postalCode>
        </#if>
      </addr>
      <#if emrBasicpatient.currentPhone??>
      <!--电话号码-->
      <telecom use="H" value="<@privacy_tag value="${emrBasicpatient.currentPhone!'NA'}" privacyId="5">${privacy}</@privacy_tag>"/>
      </#if>
      <!--联系人电话-->
      <telecom value="${emrBasicpatient.contactPhone!'NA'}"/>
      <associatedPerson classCode="PSN" determinerCode="INSTANCE">
        <!--联系人姓名-->
        <name>${emrBasicpatient.contactName!'NA'}</name>
      </associatedPerson>
    </associatedEntity>
  </participant>
  <relatedDocument typeCode="RPLC">
    <parentDocument>
      <id/>
      <setId/>
      <versionNumber/>
    </parentDocument>
  </relatedDocument>
  <component>
    <structuredBody>
      <!--实验室检验章节-->
      <component>
        <section>
          <code code="30954-2" codeSystem="2.16.840.1.113883.6.1" codeSystemName="LOINC" displayName="STUDIES SUMMARY"/>
          <text/>
          <!--血型-->
          <entry typeCode="COMP">
            <organizer classCode="BATTERY" moodCode="EVN">
              <statusCode/>
              <!--ABO血型-->
              <component contextConductionInd="true" typeCode="COMP">
                <observation classCode="OBS" moodCode="EVN">
                  <code code="DE04.50.001.00" codeSystem="2.16.156.10011.2.2.1" codeSystemName="卫生信息数据元目录"/>
                  <value xsi:type="CD" code="${emrBasichealth.aboBloodCode!'NA'}" codeSystem="2.16.156.10011.2.3.1.85" codeSystemName="ABO血型代码表" displayName="<@dict_tag value="${emrBasichealth.aboBloodCode!'NA'}" datasetCloumn="ABO_BLOOD_CODE">${dict.desc}</@dict_tag>"/>
                </observation>
              </component>
              <!--Rh血型-->
              <component contextConductionInd="true" typeCode="COMP">
                <observation classCode="OBS" moodCode="EVN">
                  <code code="DE04.50.010.00" codeSystem="2.16.156.10011.2.2.1" codeSystemName="卫生信息数据元目录"/>
                  <value xsi:type="CD" code="${emrBasichealth.rhBloodCode!'NA'}" codeSystem="2.16.156.10011.2.3.1.250" codeSystemName="Rh(D)血型代码表" displayName="<@dict_tag value="${emrBasichealth.rhBloodCode!'NA'}" datasetCloumn="RH_BLOOD_CODE">${dict.desc}</@dict_tag>"/>
                </observation>
              </component>
            </organizer>
          </entry>
        </section>
      </component>
      <!--既往史章节-->
      <component>
        <section>
          <code code="11348-0" codeSystem="2.16.840.1.113883.6.1" codeSystemName="LOINC" displayName="HISTORY OF PAST ILLNESS"/>
          <text/>
          <!--疾病史（含外伤）-->
          <entry>
            <observation classCode="OBS" moodCode="EVN">
              <code code="DE02.10.026.00" codeSystem="2.16.156.10011.2.2.1" codeSystemName="卫生信息数据元目录" displayName="疾病史（含外伤）"/>
              <value xsi:type="ST">${emrBasichealth.diseaseHistory!'NA'}</value>
            </observation>
          </entry>
          <!--传染病史-->
          <entry>
            <observation classCode="OBS" moodCode="EVN">
              <code code="DE02.10.008.00" codeSystem="2.16.156.10011.2.2.1" codeSystemName="卫生信息数据元目录" displayName="传染病史"/>
              <value xsi:type="ST">${emrBasichealth.infectHistory!'NA'}</value>
            </observation>
          </entry>
          <!--手术史-->
          <entry>
            <observation classCode="OBS" moodCode="EVN">
              <code code="DE02.10.061.00" codeSystem="2.16.156.10011.2.2.1" codeSystemName="卫生信息数据元目录" displayName="手术史"/>
              <value xsi:type="ST">${emrBasichealth.operationHistory!'NA'}</value>
            </observation>
          </entry>
          <!--婚育史条目-->
          <entry>
            <observation classCode="OBS" moodCode="EVN">
              <code code="DE02.10.098.00" codeSystem="2.16.156.10011.2.2.1" codeSystemName="卫生信息数据元目录" displayName="婚育史"/>
              <value xsi:type="ST">${emrBasichealth.maritalHistory!'NA'}</value>
            </observation>
          </entry>
        </section>
      </component>
      <!--输血章节-->
      <component>
        <section>
          <code code="56836-0" codeSystem="2.16.840.1.113883.6.1" codeSystemName="LOINC" displayName="History of blood transfusion"/>
          <text/>
          <entry>
            <observation classCode="OBS" moodCode="EVN">
              <code code="DE02.10.100.00" codeSystem="2.16.156.10011.2.2.1" codeSystemName="卫生信息数据元目录" displayName="输血史"/>
              <value xsi:type="ST">${emrBasichealth.bloodTransfusionHistory!'NA'}</value>
            </observation>
          </entry>
        </section>
      </component>
      <!--过敏史章节-->
      <component>
        <section>
          <code code="48765-2" codeSystem="2.16.840.1.113883.6.1" codeSystemName="LOINC" displayName="Allergies, adverse reactions, alerts"/>
          <text/>
          <!--过敏史条目-->
          <entry>
            <observation classCode="OBS" moodCode="EVN">
              <code code="DE02.10.022.00" codeSystem="2.16.156.10011.2.2.1" codeSystemName="卫生信息数据元目录" displayName="过敏史"/>
              <value xsi:type="ST">${emrBasichealth.allergyHistory!'NA'}</value>
            </observation>
          </entry>
        </section>
      </component>
      <!--预防接种史章节-->
      <component>
        <section>
          <code code="11369-6" codeSystem="2.16.840.1.113883.6.1" codeSystemName="LOINC" displayName="HISTORY OF IMMUNIZATIONS"/>
          <text/>
          <entry>
            <observation classCode="OBS" moodCode="EVN">
              <code code="DE02.10.101.00" codeSystem="2.16.156.10011.2.2.1" codeSystemName="卫生信息数据元目录" displayName="预防接种史"/>
              <value xsi:type="ST">${emrBasichealth.preventHistory!'NA'}</value>
            </observation>
          </entry>
        </section>
      </component>
      <!--个人史章节-->
      <component>
        <section>
          <code code="29762-2" codeSystem="2.16.840.1.113883.6.1" codeSystemName="LOINC" displayName="Social history"/>
          <text/>
          <!--个人史条目-->
          <entry>
            <observation classCode="OBS" moodCode="EVN">
              <code code="DE02.10.097.00" codeSystem="2.16.156.10011.2.2.1" codeSystemName="卫生信息数据元目录" displayName="个人史"/>
              <value xsi:type="ST">${emrBasichealth.personHistory!'NA'}</value>
            </observation>
          </entry>
        </section>
      </component>
      <!--月经史章节-->
      <component>
        <section>
          <code code="49033-4" codeSystem="2.16.840.1.113883.6.1" codeSystemName="LOINC" displayName="Menstrual History"/>
          <text/>
          <!--月经史条目-->
          <entry>
            <observation classCode="OBS" moodCode="EVN">
              <code code="DE02.10.102.00" codeSystem="2.16.156.10011.2.2.1" codeSystemName="卫生信息数据元目录" displayName="月经史"/>
              <value xsi:type="ST">${emrBasichealth.menstruationHistory!'NA'}</value>
            </observation>
          </entry>
        </section>
      </component>
      <!--家族史章节-->
      <component>
        <section>
          <code code="10157-6" codeSystem="2.16.840.1.113883.6.1" codeSystemName="LOINC" displayName="HISTORY OF FAMILY MEMBER DISEASES"/>
          <text/>
          <!--家族史条目-->
          <entry>
            <observation classCode="OBS" moodCode="EVN">
              <code code="DE02.10.103.00" codeSystem="2.16.156.10011.2.2.1" codeSystemName="卫生信息数据元目录" displayName="家族史"/>
              <value xsi:type="ST">${emrBasichealth.familyHistory!'NA'}</value>
            </observation>
          </entry>
        </section>
      </component>
      <!--卫生事件章节-->
      <component>
        <section>
          <code displayName="卫生事件"/>
          <text/>
          <entry>
            <observation classCode="OBS" moodCode="EVN">
              <code code="DE08.10.026.00" codeSystem="2.16.156.10011.2.2.1" codeSystemName="卫生信息数据元目录" displayName="医疗机构科室名称"/>
              <value xsi:type="ST">${emrHealthevents.deptName!'NA'}</value>
            </observation>
          </entry>
          <entry>
            <observation classCode="OBS" moodCode="EVN">
              <code code="DE02.01.060.00" displayName="患者类型代码" codeSystem="2.16.156.10011.2.2.1" codeSystemName="卫生信息数据元目录"/>
              <value xsi:type="CD" code="${emrHealthevents.visitTypeNo!'NA'}" codeSystem="2.16.156.10011.2.3.1.271" codeSystemName="患者类型代码表" displayName="<@dict_tag value="${emrHealthevents.visitTypeNo!'NA'}" datasetCloumn="VISIT_TYPE_NO">${dict.desc}</@dict_tag>"/>
            </observation>
          </entry>
          <entry>
            <observation classCode="OBS" moodCode="EVN">
              <code code="DE01.00.010.00" codeSystem="2.16.156.10011.2.2.1" codeSystemName="卫生信息数据元目录" displayName="门（急）诊号"/>
              <value xsi:type="ST">${emrHealthevents.outpNo!'NA'}</value>
            </observation>
          </entry>
          <entry>
            <observation classCode="OBS" moodCode="EVN">
              <code code="DE01.00.014.00" codeSystem="2.16.156.10011.2.2.1" codeSystemName="卫生信息数据元目录" displayName="住院号"/>
              <value xsi:type="ST">${emrHealthevents.inpNo!'NA'}</value>
            </observation>
          </entry>
          <entry>
            <organizer classCode="BATTERY" moodCode="EVN">
              <statusCode/>
              <component>
                <observation classCode="OBS" moodCode="EVN">
                  <code code="DE06.00.092.00" displayName="入院日期时间" codeSystem="2.16.156.10011.2.2.1" codeSystemName="卫生信息数据元目录"/>
                  <value xsi:type="TS" value="${emrHealthevents.inpDatetime!'NA'}"/>
                </observation>
              </component>
              <#if emrHealthevents.dishospitalDatetime??>
              <component>
                <observation classCode="OBS" moodCode="EVN">
                  <code code="DE06.00.017.00" displayName="出院日期时间" codeSystem="2.16.156.10011.2.2.1" codeSystemName="卫生信息数据元目录"/>
                  <value xsi:type="TS" value="${emrHealthevents.dishospitalDatetime!'NA'}"/>
                </observation>
              </component>
            </#if>
            </organizer>
          </entry>
          <entry>
            <observation classCode="OBS" moodCode="EVN">
              <code code="DE04.01.018.00" displayName="发病日期时间" codeSystem="2.16.156.10011.2.2.1" codeSystemName="卫生信息数据元目录"/>
              <value xsi:type="TS" value="${emrHealthevents.morbidityDatetime!'NA'}"/>
            </observation>
          </entry>
          <entry>
            <observation classCode="OBS" moodCode="EVN">
              <code code="DE05.10.053.00" codeSystem="2.16.156.10011.2.2.1" codeSystemName="卫生信息数据元目录" displayName="就诊原因"/>
              <!--就诊日期时间 DE06.00.062.00-->
              <effectiveTime value="${emrHealthevents.visitDatetime!'NA'}"/>
              <value xsi:type="ST">${emrHealthevents.clinicReason!'NA'}</value>
            </observation>
          </entry>
          <!--条目诊断-->
          <entry>
            <observation classCode="OBS" moodCode="EVN">
              <code code="DE05.01.024.00" codeSystem="2.16.156.10011.2.2.1" codeSystemName="卫生信息数据元目录" displayName="西医诊断编码">
                <qualifier>
                  <name displayName="西医诊断编码"/>
                </qualifier>
              </code>
              <value code="${emrHealthevents.westernDiagnosisCode!'NA'}" codeSystem="2.16.156.10011.2.3.3.11" codeSystemName="ICD-10" displayName="<@dict_tag value="${emrHealthevents.westernDiagnosisCode!'NA'}" datasetCloumn="WESTERN_DIAGNOSIS_CODE">${dict.desc}</@dict_tag>" xsi:type="CD"/>
              <entryRelationship typeCode="COMP">
                <observation classCode="OBS" moodCode="EVN">
                  <code code="DE05.10.113.00" displayName="病情转归代码" codeSystem="2.16.156.10011.2.2.1" codeSystemName="卫生信息数据元目录"/>
                  <value xsi:type="CD" code="${emrHealthevents.underlyingDeathCode!'NA'}" codeSystem="2.16.156.10011.2.3.1.148" codeSystemName="病情转归代码表" displayName="<@dict_tag value="${emrHealthevents.underlyingDeathCode!'NA'}" datasetCloumn="UNDERLYING_DEATH_CODE">${dict.desc}</@dict_tag>"/>
                </observation>
              </entryRelationship>
            </observation>
          </entry>
          <#if emrHealthevents.excludeMainWmDiagnosis??>
          <!--条目诊断-->
          <entry>
            <observation classCode="OBS" moodCode="EVN">
              <code code="DE05.01.024.00" codeSystem="2.16.156.10011.2.2.1" codeSystemName="卫生信息数据元目录" displayName="其他西医诊断编码">
                <qualifier>
                  <name displayName="其他西医诊断编码"/>
                </qualifier>
              </code>
              <value code="${emrHealthevents.excludeMainWmDiagnosis!'NA'}" codeSystem="2.16.156.10011.2.3.3.11" codeSystemName="ICD-10" xsi:type="CD" displayName="<@dict_tag value="${emrHealthevents.excludeMainWmDiagnosis!'NA'}" datasetCloumn="EXCLUDE_MAIN_WM_DIAGNOSIS">${dict.desc}</@dict_tag>"/>
            </observation>
          </entry>
          </#if>
          <#if emrHealthevents.chineseDiagnosisCode??>
          <entry>
            <observation classCode="OBS" moodCode="EVN">
              <code code="DE05.10.130.00" codeSystem="2.16.156.10011.2.2.1" codeSystemName="卫生信息数据元目录" displayName="中医病名代码">
                <qualifier>
                  <name displayName="中医病名代码"/>
                </qualifier>
              </code>
              <value code="${emrHealthevents.chineseDiagnosisCode!'NA'}" codeSystem="2.16.156.10011.2.3.3.14" codeSystemName="中医病证分类与代码表( GB/T 15657)" xsi:type="CD" displayName="<@dict_tag value="${emrHealthevents.chineseDiagnosisCode!'NA'}" datasetCloumn="CHINESE_DIAGNOSIS_CODE">${dict.desc}</@dict_tag>"/>
              <#if emrHealthevents.chineseSyndromeCode??>
                <entryRelationship typeCode="COMP">
                  <observation classCode="OBS" moodCode="EVN">
                    <code code="DE05.10.130.00" codeSystem="2.16.156.10011.2.2.1" codeSystemName="卫生信息数据元目录" displayName="中医证候代码">
                      <qualifier>
                        <name displayName="中医证候代码"/>
                      </qualifier>
                    </code>
                    <value code="${emrHealthevents.chineseSyndromeCode!'NA'}" codeSystem="2.16.156.10011.2.3.3.14" codeSystemName="中医病证分类与代码表( GB/T 15657)" xsi:type="CD" displayName="<@dict_tag value="${emrHealthevents.chineseSyndromeCode!'NA'}" datasetCloumn="CHINESE_SYNDROME_CODE">${dict.desc}</@dict_tag>"/>
                  </observation>
                </entryRelationship>
                </#if>
                <#if emrHealthevents.underlyingDeathCode??>
                <entryRelationship typeCode="COMP">
                  <observation classCode="OBS" moodCode="EVN">
                    <code code="DE05.10.113.00" displayName="病情转归代码" codeSystem="2.16.156.10011.2.2.1" codeSystemName="卫生信息数据元目录"/>
                    <value xsi:type="CD" code="${emrHealthevents.underlyingDeathCode!'NA'}" codeSystem="2.16.156.10011.2.3.1.148" codeSystemName="病情转归代码表" displayName="<@dict_tag value="${emrHealthevents.underlyingDeathCode!'NA'}" datasetCloumn="UNDERLYING_DEATH_CODE">${dict.desc}</@dict_tag>"/>
                  </observation>
                </entryRelationship>
                </#if>
              </observation>
            </entry>
          </#if>
          <entry>
            <procedure classCode="PROC" moodCode="EVN">
              <!--手术及操作编码 DE06.00.093.00-->
              <code code="${emrHealthevents.operationCode!'NA'}" codeSystem="2.16.156.10011.2.3.3.12" codeSystemName="手术(操作)代码表(ICD-9-CM)" displayName="<@dict_tag value="${emrHealthevents.operationCode!'NA'}" datasetCloumn="OPERATION_CODE">${dict.desc}</@dict_tag>"/>
            </procedure>
          </entry>
          <entry>
            <observation classCode="OBS" moodCode="EVN">
              <code code="DE08.50.022.00" codeSystem="2.16.156.10011.2.2.1" codeSystemName="卫生信息数据元目录" displayName="关键药物名称"/>
              <value xsi:type="ST">${emrHealthevents.drugName!'NA'}</value>
              <entryRelationship typeCode="COMP">
                <observation classCode="OBS" moodCode="EVN">
                  <code code="DE06.00.136.00" codeSystem="2.16.156.10011.2.2.1" codeSystemName="卫生信息数据元目录" displayName="关键药物用法"/>
                  <value xsi:type="ST">${emrHealthevents.drugUsage!'NA'}</value>
                </observation>
              </entryRelationship>
              <entryRelationship typeCode="COMP">
                <observation classCode="OBS" moodCode="EVN">
                  <code code="DE06.00.129.00" codeSystem="2.16.156.10011.2.2.1" codeSystemName="卫生信息数据元目录" displayName="药物不良反应情况"/>
                  <value xsi:type="ST">${emrHealthevents.adverseDrugReactions!'NA'}</value>
                </observation>
              </entryRelationship>
              <entryRelationship typeCode="COMP">
                <observation classCode="OBS" moodCode="EVN">
                  <code code="DE06.00.164.00" displayName="中药使用类别代码" codeSystem="2.16.156.10011.2.2.1" codeSystemName="卫生信息数据元目录"/>
                  <value xsi:type="CD" code="${emrHealthevents.tcdTypeCode!'NA'}" codeSystem="2.16.156.10011.2.3.1.157" codeSystemName="中药使用类别代码表" displayName="<@dict_tag value="${emrHealthevents.tcdTypeCode!'NA'}" datasetCloumn="TCD_TYPE_CODE">${dict.desc}</@dict_tag>"/>
                </observation>
              </entryRelationship>
            </observation>
          </entry>
          <entry>
            <observation classCode="OBS" moodCode="EVN">
              <code code="DE06.00.251.00" codeSystem="2.16.156.10011.2.2.1" codeSystemName="卫生信息数据元目录" displayName="其他医学处置"/>
              <value xsi:type="ST">${emrHealthevents.chineseMedicineTypeName!'NA'}</value>
            </observation>
          </entry>
          <#if emrHealthevents.otherMedicalTreatment??>
          <entry>
            <observation classCode="OBS" moodCode="EVN">
              <code code="DE05.01.021.00" codeSystem="2.16.156.10011.2.2.1" codeSystemName="卫生信息数据元目录" displayName="根本死因代码"/>
              <value code="${emrHealthevents.otherMedicalTreatment!'NA'}" codeSystem="2.16.156.10011.2.3.3.11" codeSystemName="ICD-10" xsi:type="CD" displayName="<@dict_tag value="${emrHealthevents.otherMedicalTreatment!'NA'}" datasetCloumn="OTHER_MEDICAL_TREATMENT">${dict.desc}</@dict_tag>"/>
            </observation>
          </entry>
          </#if>
          <entry>
            <observation classCode="OBS" moodCode="EVN">
              <code code="DE02.01.039.00" codeSystem="2.16.156.10011.2.2.1" codeSystemName="卫生信息数据元目录" displayName="责任医师姓名"/>
              <value xsi:type="ST">${emrHealthevents.responsibleDoctor!'NA'}</value>
            </observation>
          </entry>
          <!--费用条目-->
          <entry>
            <organizer classCode="CLUSTER" moodCode="EVN">
              <statusCode/>
              <component>
                <observation classCode="OBS" moodCode="EVN">
                  <code code="DE02.01.044.00" codeSystem="2.16.156.10011.2.2.1" codeSystemName="卫生信息数据元目录" displayName="医疗保险类别代码"/>
                  <value xsi:type="CD" code="${emrBasicpatient.paymentType!'NA'}" codeSystem="2.16.156.10011.2.3.1.248" codeSystemName="医疗保险类别代码表" displayName="<@dict_tag value="${emrBasicpatient.paymentType!'NA'}" datasetCloumn="PAYMENT_TYPE">${dict.desc}</@dict_tag>"/>
                </observation>
              </component>
              <component>
                <observation classCode="OBS" moodCode="EVN">
                  <code code="DE07.00.007.00" codeSystem="2.16.156.10011.2.2.1" codeSystemName="卫生信息数据元目录" displayName="医疗付费方式代码"/>
                  <value xsi:type="CD" codeSystem="2.16.156.10011.2.3.1.269" codeSystemName="医疗付费方式代码表" code="${emrMedicalbill.payWay!'NA'}" displayName="<@dict_tag value="${emrMedicalbill.payWay!'NA'}" datasetCloumn="PAY_WAY">${dict.desc}</@dict_tag>"/>
                </observation>
              </component>
              <component>
                <observation classCode="OBS" moodCode="EVN">
                  <code code="DE07.00.004.00" codeSystem="2.16.156.10011.2.2.1" codeSystemName="卫生信息数据元目录" displayName="门诊费用金额"/>
                  <value xsi:type="MO" value="${emrMedicalbill.outpCostAmount!'NA'}" currency="元"/>
                </observation>
              </component>
              <component>
                <observation classCode="OBS" moodCode="EVN">
                  <code code="DE07.00.010.00" codeSystem="2.16.156.10011.2.2.1" codeSystemName="卫生信息数据元目录" displayName="住院费用金额"/>
                  <value xsi:type="MO" value="${emrMedicalbill.inpCostAmount!'NA'}" currency="元"/>
                </observation>
              </component>
              <component>
                <observation classCode="OBS" moodCode="EVN">
                  <code code="DE07.00.001.00" codeSystem="2.16.156.10011.2.2.1" codeSystemName="卫生信息数据元目录" displayName="个人承担费用金额"/>
                  <value xsi:type="MO" value="${emrMedicalbill.personalCostAmount!'NA'}" currency="元"/>
                </observation>
              </component>
            </organizer>
          </entry>
        </section>
      </component>
    </structuredBody>
  </component>
</ClinicalDocument>