﻿<?xml version="1.0" encoding="UTF-8"?>

<ClinicalDocument xmlns="urn:hl7-org:v3" xmlns:mif="urn:hl7-org:v3/mif" xmlns:xsi="http://www.w3.org/2001/XMLSchema-instance" xsi:schemaLocation="urn:hl7-org:v3 ..\sdschemas\CDA.xsd">
  <realmCode code="CN"/>
  <typeId extension="POCD_MT000040" root="2.16.840.1.113883.1.3"/>
  <templateId root="2.16.156.10011.2.1.1.32"/>
  <!-- 文档流水号 -->
  <id extension="${docInfo.docId}" root="2.16.156.10011.1.1"/>
  <code code="C0012" codeSystem="2.16.156.10011.2.4" codeSystemName="卫生信息共享文档规范编码体系"/>
  <title>麻醉术后访视记录</title>
  <!-- 文档机器生成时间 -->
  <effectiveTime value="${docInfo.effectiveTime}"/>
  <confidentialityCode code="N" codeSystem="2.16.840.1.113883.5.25" codeSystemName="Confidentiality" displayName="正常访问保密级别"/>
  <languageCode code="zh-CN"/>
  <setId/>
  <versionNumber/>
  <!--文档记录对象（患者） [1..*] contextControlCode="OP"表示本信息可以被重载-->
  <recordTarget contextControlCode="OP" typeCode="RCT">
    <patientRole classCode="PAT">
      <!--门诊号标识-->
      <id extension="${visitsRecAftAnesthesia.outpNo!'NA'}" root="2.16.156.10011.1.11"/>
      <!--住院号标识-->
      <id extension="${visitsRecAftAnesthesia.inpNo!'NA'}" root="2.16.156.10011.1.12"/>
      <!--电子申请单编号-->
      <id extension="${visitsRecAftAnesthesia.electronicApplyNo!'NA'}" root="2.16.156.10011.1.24"/>
      <patient classCode="PSN" determinerCode="INSTANCE">
        <!--患者身份证号标识-->
        <id extension="<@privacy_tag value="${emrBasicpatient.identityNo!'NA'}" privacyId="1">${privacy}</@privacy_tag>" root="2.16.156.10011.1.3"/>
        <name><@privacy_tag value="${visitsRecAftAnesthesia.patientName!'NA'}" privacyId="2">${privacy}</@privacy_tag></name>
        <administrativeGenderCode code="${visitsRecAftAnesthesia.patientSex!'NA'}" codeSystem="2.16.156.10011.2.3.3.4" codeSystemName="生理性别代码表(GB/T 2261.1)" displayName="<@dict_tag value="${visitsRecAftAnesthesia.patientSex!'NA'}" datasetCloumn="PATIENT_SEX">${dict.desc}</@dict_tag>"/>
        <!-- 年龄 -->
        <#if visitsRecAftAnesthesia.ageYear??>
        <age unit="岁" value="${visitsRecAftAnesthesia.ageYear!'NA'}"/>
        <#else>
        <age unit="月" value="${visitsRecAftAnesthesia.patientMonth!'NA'}"/>
        </#if>
      </patient>
      <!--提供患者服务机构-->
      <providerOrganization classCode="ORG" determinerCode="INSTANCE">
        <!--机构标识号-->
        <id extension="${hospitalInfo.organCode!'NA'}" root="2.16.156.10011.1.5"/>
        <!--住院机构名称-->
        <name>${hospitalInfo.organName!'NA'}</name>
      </providerOrganization>
    </patientRole>
  </recordTarget>
  <!-- 文档创作者 -->
  <author contextControlCode="OP" typeCode="AUT">
    <time value="${visitsRecAftAnesthesia.signDatetime!'NA'}"/>
    <assignedAuthor classCode="ASSIGNED">
      <id extension="${visitsRecAftAnesthesia.anesthesiaDoctorSign!'NA'}" root="2.16.156.10011.1.7"/>
      <assignedPerson>
        <name>${visitsRecAftAnesthesia.anesthesiaDoctorSign!'NA'}</name>
      </assignedPerson>
    </assignedAuthor>
  </author>
  <!-- 保管机构 -->
  <custodian typeCode="CST">
    <assignedCustodian classCode="ASSIGNED">
      <representedCustodianOrganization classCode="ORG" determinerCode="INSTANCE">
        <id extension="${hospitalInfo.organCode!'NA'}" root="2.16.156.10011.1.5"/>
        <name>${hospitalInfo.organName!'NA'}</name>
      </representedCustodianOrganization>
    </assignedCustodian>
  </custodian>
  <!--麻醉医师签名-->
  <authenticator>
    <!--签名日期时间-->
    <time value="${visitsRecAftAnesthesia.consciousDatetime!'NA'}"/>
    <signatureCode/>
    <assignedEntity>
      <id extension="${visitsRecAftAnesthesia.anesthesiaDoctorSign!'NA'}" root="2.16.156.10011.1.4"/>
      <code displayName="麻醉医师"/>
      <assignedPerson>
        <name>${visitsRecAftAnesthesia.anesthesiaDoctorSign!'NA'}</name>
      </assignedPerson>
    </assignedEntity>
  </authenticator>
  <relatedDocument typeCode="RPLC">
    <parentDocument>
      <id/>
      <setId/>
      <versionNumber/>
    </parentDocument>
  </relatedDocument>
  <!-- 病床号、病房、病区、科室和医院的关联 -->
  <componentOf>
    <encompassingEncounter>
      <!-- 入院日期时间 -->
      <effectiveTime value="${visitsRecAftAnesthesia.consciousDatetime!'NA'}"/>
      <location>
        <healthCareFacility>
          <serviceProviderOrganization>
            <asOrganizationPartOf classCode="PART">
              <!-- DE01.00.026.00病床号 -->
              <wholeOrganization classCode="ORG" determinerCode="INSTANCE">
                <id extension="${visitsRecAftAnesthesia.bedNo!'NA'}" root="2.16.156.10011.1.22"/>
                <name>${visitsRecAftAnesthesia.bedNo!'NA'}</name>
                <asOrganizationPartOf classCode="PART">
                  <!-- DE01.00.019.00病房号 -->
                  <wholeOrganization classCode="ORG" determinerCode="INSTANCE">
                    <id extension="${visitsRecAftAnesthesia.areaNo!'NA'}" root="2.16.156.10011.1.21"/>
                    <name>${visitsRecAftAnesthesia.areaNo!'NA'}</name>
                    <asOrganizationPartOf classCode="PART">
                      <!-- DE08.10.026.00科室名称 -->
                      <wholeOrganization classCode="ORG" determinerCode="INSTANCE">
                        <id extension="${visitsRecAftAnesthesia.deptName!'NA'}" root="2.16.156.10011.1.26"/>
                        <name>${visitsRecAftAnesthesia.deptName!'NA'}</name>
                        <asOrganizationPartOf classCode="PART">
                          <!-- DE08.10.054.00病区名称 -->
                          <wholeOrganization classCode="ORG" determinerCode="INSTANCE">
                            <id extension="${visitsRecAftAnesthesia.areaName!'NA'}" root="2.16.156.10011.1.27"/>
                            <name>${visitsRecAftAnesthesia.areaName!'NA'}</name>
                            <asOrganizationPartOf classCode="PART">
                              <!--医疗机构名称 -->
                              <wholeOrganization classCode="ORG" determinerCode="INSTANCE">
                                <id extension="${hospitalInfo.organCode!'NA'}" root="2.16.156.10011.1.5"/>
                                <name>${hospitalInfo.organName!'NA'}</name>
                              </wholeOrganization>
                            </asOrganizationPartOf>
                          </wholeOrganization>
                        </asOrganizationPartOf>
                      </wholeOrganization>
                    </asOrganizationPartOf>
                  </wholeOrganization>
                </asOrganizationPartOf>
              </wholeOrganization>
            </asOrganizationPartOf>
          </serviceProviderOrganization>
        </healthCareFacility>
      </location>
    </encompassingEncounter>
  </componentOf>
  <component>
    <structuredBody>
      <!-- 生命体征章节 -->
      <component>
        <section>
          <code code="8716-3" codeSystem="2.16.840.1.113883.6.1" codeSystemName="LOINC" displayName="VITAL SIGNS"/>
          <text/>
          <!-- 体重 -->
          <entry>
            <observation classCode="OBS" moodCode="EVN">
              <code code="DE04.10.188.00" codeSystem="2.16.156.10011.2.2.1" codeSystemName="卫生信息数据元目录" displayName="体重"/>
              <value unit="kg" value="${visitsRecAftAnesthesia.bodyWeight!'NA'}" xsi:type="PQ"/>
            </observation>
          </entry>
        </section>
      </component>
      <!--一般状况检查章节-->
      <component>
        <section>
          <code code="10210-3" codeSystem="2.16.840.1.113883.6.1" codeSystemName="LOINC" displayName="GENERAL STATUS"/>
          <text/>
          <!--一般状况检查结果-->
          <entry>
            <observation classCode="OBS" moodCode="EVN">
              <code code="DE04.10.219.00" codeSystem="2.16.156.10011.2.2.1" codeSystemName="卫生信息数据元目录" displayName="一般状况检查结果"/>
              <value xsi:type="ST">${visitsRecAftAnesthesia.generalhealthCheckResult!'NA'}</value>
            </observation>
          </entry>
        </section>
      </component>
      <!-- 实验室检查章节 -->
      <component>
        <section>
          <code code="30954-2" codeSystem="2.16.840.1.113883.6.1" codeSystemName="LOINC" displayName="STUDIES SUMMARY"/>
          <text/>
          <entry typeCode="COMP">
            <!-- 血型-->
            <organizer classCode="BATTERY" moodCode="EVN">
              <statusCode/>
              <component contextConductionInd="true" typeCode="COMP">
                <!-- ABO血型 -->
                <observation classCode="OBS" moodCode="EVN">
                  <code code="DE04.50.001.00" codeSystem="2.16.156.10011.2.2.1" codeSystemName="卫生信息数据元目录" displayName="ABO血型代码"/>
                  <value code="${visitsRecAftAnesthesia.aboBlood!'NA'}" codeSystem="2.16.156.10011.2.3.1.85" codeSystemName="ABO血型代码表" displayName="<@dict_tag value="${visitsRecAftAnesthesia.aboBlood!'NA'}" datasetCloumn="ABO_BLOOD">${dict.desc}</@dict_tag>" xsi:type="CD"/>
                </observation>
              </component>
              <component contextConductionInd="true" typeCode="COMP">
                <!-- Rh血型 -->
                <observation classCode="OBS" moodCode="EVN">
                  <code code="DE04.50.010.00" codeSystem="2.16.156.10011.2.2.1" codeSystemName="卫生信息数据元目录" displayName="Rh（D）血型代码"/>
                  <value code="${visitsRecAftAnesthesia.rhBloodCode!'NA'}" codeSystem="2.16.156.10011.2.3.1.250" codeSystemName="Rh(D)血型代码表" displayName="<@dict_tag value="${visitsRecAftAnesthesia.rhBloodCode!'NA'}" datasetCloumn="RH_BLOOD_CODE">${dict.desc}</@dict_tag>" xsi:type="CD"/>
                </observation>
              </component>
            </organizer>
          </entry>
        </section>
      </component>
      <!-- 术前诊断章节 -->
      <component>
        <section>
          <code code="10219-4" codeSystem="2.16.840.1.113883.6.1" codeSystemName="LOINC" displayName="Surgical operation note preoperative Dx"/>
          <text/>
          <!--术前诊断-->
          <entry>
            <observation classCode="OBS" moodCode="EVN">
              <!--术前诊断编码-->
              <code code="DE05.01.024.00" codeSystem="2.16.156.10011.2.2.1" codeSystemName="卫生信息数据元目录" displayName="术前诊断编码"/>
              <value code="${visitsRecAftAnesthesia.preoperationDiagCode!'NA'}" codeSystem="2.16.156.10011.2.3.3.11" codeSystemName="ICD-10" displayName="<@dict_tag value="${visitsRecAftAnesthesia.preoperationDiagCode!'NA'}" datasetCloumn="PREOPERATION_DIAG_CODE">${dict.desc}</@dict_tag>" xsi:type="CD"/>
            </observation>
          </entry>
        </section>
      </component>
      <!--术后诊断章节 -->
      <component>
        <section>
          <code code="10218-6" codeSystem="2.16.840.1.113883.6.1" codeSystemName="LOINC" displayName="Surgical operation note postoperative Dx"/>
          <text/>
          <!--术后诊断-->
          <entry>
            <observation classCode="OBS" moodCode="EVN">
              <!--术后诊断编码-->
              <code code="DE05.01.024.00" codeSystem="2.16.156.10011.2.2.1" codeSystemName="卫生信息数据元目录" displayName="术后诊断编码"/>
              <value code="${visitsRecAftAnesthesia.afteroperationDiagIcd!'NA'}" codeSystem="2.16.156.10011.2.3.3.11" codeSystemName="ICD-10" displayName="<@dict_tag value="${visitsRecAftAnesthesia.afteroperationDiagIcd!'NA'}" datasetCloumn="AFTEROPERATION_DIAG_ICD">${dict.desc}</@dict_tag>" xsi:type="CD"/>
            </observation>
          </entry>
        </section>
      </component>
      <!-- 手术操作章节 -->
      <component>
        <section>
          <code code="47519-4" codeSystem="2.16.840.1.113883.6.1" codeSystemName="LOINC" displayName="HISTORY OF PROCEDURES"/>
          <text/>
          <!-- 手术及操作编码 DE06.00.093.00 -->
          <entry>
            <procedure classCode="PROC" moodCode="EVN">
              <code code="${visitsRecAftAnesthesia.operationCode!'NA'}" codeSystem="2.16.156.10011.2.3.3.12" codeSystemName="手术(操作)代码表(ICD-9-CM)" displayName="<@dict_tag value="${visitsRecAftAnesthesia.operationCode!'NA'}" datasetCloumn="OPERATION_CODE">${dict.desc}</@dict_tag>" xsi:type="CD"/>
            </procedure>
          </entry>
        </section>
      </component>
      <!-- 麻醉章节 -->
      <component>
        <section>
          <code code="59774-0" codeSystem="2.16.840.1.113883.6.1" codeSystemName="LOINC" displayName="Procedure anesthesia"/>
          <text/>
          <!-- 麻醉方法代码 -->
          <entry>
            <observation classCode="OBS" moodCode="EVN">
              <code code="DE06.00.073.00" codeSystem="2.16.156.10011.2.2.1" codeSystemName="卫生信息数据元目录" displayName="麻醉方法代码"/>
              <value code="${visitsRecAftAnesthesia.anesthesiaMethodCode!'NA'}" codeSystem="2.16.156.10011.2.3.1.159" codeSystemName="麻醉方法代码表" xsi:type="CD" displayName="<@dict_tag value="${visitsRecAftAnesthesia.anesthesiaMethodCode!'NA'}" datasetCloumn="ANESTHESIA_METHOD_CODE">${dict.desc}</@dict_tag>"/>
              <!-- 麻醉适应证 -->
              <entryRelationship typeCode="COMP">
                <observation classCode="OBS" moodCode="EVN">
                  <code code="DE06.00.227.00" codeSystem="2.16.156.10011.2.2.1" codeSystemName="卫生信息数据元目录" displayName="麻醉适应证"/>
                  <value xsi:type="ST">${visitsRecAftAnesthesia.anesthesiaIndication!'NA'}</value>
                </observation>
              </entryRelationship>
            </observation>
          </entry>
        </section>
      </component>
      <!--主要健康问题章节-->
      <component>
        <section>
          <code code="11450-4" codeSystem="2.16.840.1.113883.6.1" codeSystemName="LOINC" displayName="PROBLEM LIST"/>
          <text/>
          <!-- 麻醉恢复情况 -->
          <entry>
            <observation classCode="OBS" moodCode="EVN">
              <code code="DE06.00.225.00" codeSystem="2.16.156.10011.2.2.1" codeSystemName="卫生信息数据元目录" displayName="麻醉恢复情况"/>
              <value xsi:type="ST">${visitsRecAftAnesthesia.anaesthesiaRecovery!'NA'}</value>
            </observation>
          </entry>
          <!-- 清醒日期时间 -->
          <entry>
            <observation classCode="OBS" moodCode="EVN">
              <code code="DE06.00.233.00" codeSystem="2.16.156.10011.2.2.1" codeSystemName="卫生信息数据元目录" displayName="清醒日期时间"/>
              <value value="${visitsRecAftAnesthesia.consciousDatetime!'NA'}" xsi:type="TS"/>
            </observation>
          </entry>
          <!-- 拔除气管插管标志 -->
          <entry>
            <observation classCode="OBS" moodCode="EVN">
              <code code="DE05.10.165.00" codeSystem="2.16.156.10011.2.2.1" codeSystemName="卫生信息数据元目录" displayName="拔除气管插管标志"/>
              <value value="${visitsRecAftAnesthesia.trachealIntubCode!'NA'}" xsi:type="BL"/>
            </observation>
          </entry>
          <!-- 特殊情况 -->
          <entry>
            <observation classCode="OBS" moodCode="EVN">
              <code code="DE05.10.158.00" codeSystem="2.16.156.10011.2.2.1" codeSystemName="卫生信息数据元目录" displayName="特殊情况"/>
              <value xsi:type="ST">${visitsRecAftAnesthesia.specialStatus!'NA'}</value>
            </observation>
          </entry>
        </section>
      </component>
    </structuredBody>
  </component>
</ClinicalDocument>