﻿<?xml version="1.0" encoding="UTF-8"?>

<ClinicalDocument xmlns="urn:hl7-org:v3" xmlns:mif="urn:hl7-org:v3/mif" xmlns:xsi="http://www.w3.org/2001/XMLSchema-instance" xsi:schemaLocation="urn:hl7-org:v3 ..\sdschemas\CDA.xsd">
  <realmCode code="CN"/>
  <typeId extension="POCD_MT000040" root="2.16.840.1.113883.1.3"/>
  <templateId root="2.16.156.10011.2.1.1.34"/>
  <!-- 文档流水号 -->
  <id extension="${docInfo.docId}" root="2.16.156.10011.1.1"/>
  <code code="C0014" codeSystem="2.16.156.10011.2.4" codeSystemName="卫生信息共享文档规范编码体系"/>
  <title>待产记录</title>
  <!-- 文档机器生成时间 -->
  <effectiveTime value="${docInfo.effectiveTime}"/>
  <confidentialityCode code="N" codeSystem="2.16.840.1.113883.5.25" codeSystemName="Confidentiality" displayName="正常访问保密级别"/>
  <languageCode code="zh-CN"/>
  <setId/>
  <versionNumber/>
  <recordTarget contextControlCode="OP" typeCode="RCT">
    <patientRole classCode="PAT">
      <!--住院号 -->
      <id extension="${expectantRecord.inpNo!'NA'}" root="2.16.156.10011.1.12"/>
      <patient classCode="PSN" determinerCode="INSTANCE">
        <!--患者身份证号标识-->
        <id extension="<@privacy_tag value="${emrBasicpatient.identityNo!'NA'}" privacyId="1">${privacy}</@privacy_tag>" root="2.16.156.10011.1.3"/>
        <name><@privacy_tag value="${expectantRecord.patientName!'NA'}" privacyId="2">${privacy}</@privacy_tag></name>
        <age unit="岁" value="${expectantRecord.ageYear!'NA'}"/>
      </patient>
    </patientRole>
  </recordTarget>
  <!-- 文档创作者 -->
  <author contextControlCode="OP" typeCode="AUT">
    <time value="${expectantRecord.deliveryDatetime!'NA'}"/>
    <assignedAuthor classCode="ASSIGNED">
      <id extension="${expectantRecord.recordSign!'NA'}" root="2.16.156.10011.1.7"/>
      <assignedPerson>
        <name>${expectantRecord.recordSign!'NA'}</name>
      </assignedPerson>
    </assignedAuthor>
  </author>
  <!-- 保管机构 -->
  <custodian typeCode="CST">
    <assignedCustodian classCode="ASSIGNED">
      <representedCustodianOrganization classCode="ORG" determinerCode="INSTANCE">
        <id extension="${hospitalInfo.organCode!'NA'}" root="2.16.156.10011.1.5"/>
        <name>${hospitalInfo.organName!'NA'}</name>
      </representedCustodianOrganization>
    </assignedCustodian>
  </custodian>
  <!-- 产程检查者签名 -->
  <authenticator>
    <time value="${expectantRecord.deliveryDatetime!'NA'}"/>
    <signatureCode/>
    <assignedEntity>
      <id extension="${expectantRecord.laborInspectionSig!'NA'}" root="2.16.156.10011.1.4"/>
      <code displayName="产程检查者"/>
      <assignedPerson>
        <name>${expectantRecord.laborInspectionSig!'NA'}</name>
      </assignedPerson>
    </assignedEntity>
  </authenticator>
  <!-- 记录人签名 -->
  <authenticator>
    <time value="${expectantRecord.deliveryDatetime!'NA'}"/>
    <signatureCode/>
    <assignedEntity>
      <id extension="${expectantRecord.recordSign!'NA'}" root="2.16.156.10011.1.4"/>
      <code displayName="记录人"/>
      <assignedPerson>
        <name>${expectantRecord.recordSign!'NA'}</name>
      </assignedPerson>
    </assignedEntity>
  </authenticator>
  <participant typeCode="NOT">
    <!--联系人@classCode：CON，固定值，表示角色是联系人 -->
    <associatedEntity classCode="ECON">
      <!--联系人电话-->
      <telecom value="${emrBasicpatient.contactPhone!'NA'}"/>
      <!--联系人姓名-->
      <associatedPerson>
        <name>${emrBasicpatient.contactName!'NA'}</name>
      </associatedPerson>
    </associatedEntity>
  </participant>
  <relatedDocument typeCode="RPLC">
    <parentDocument>
      <id/>
      <setId/>
      <versionNumber/>
    </parentDocument>
  </relatedDocument>
  <!-- 病床号、病房、病区、科室和医院的关联 -->
  <componentOf>
    <encompassingEncounter>
      <effectiveTime/>
      <location>
        <healthCareFacility>
          <serviceProviderOrganization>
            <asOrganizationPartOf classCode="PART">
              <!--HDSD00.09.003 DE01.00.026.00 病床号 -->
              <wholeOrganization classCode="ORG" determinerCode="INSTANCE">
                <id extension="${expectantRecord.bedNo!'NA'}" root="2.16.156.10011.1.22"/>
                <name>${expectantRecord.bedNo!'NA'}</name>
                <asOrganizationPartOf classCode="PART">
                  <!--HDSD00.09.004 DE01.00.019.00 病房号 -->
                  <wholeOrganization classCode="ORG" determinerCode="INSTANCE">
                    <id extension="${expectantRecord.areaNo!'NA'}" root="2.16.156.10011.1.21"/>
                    <name>${expectantRecord.areaNo!'NA'}</name>
                    <asOrganizationPartOf classCode="PART">
                      <!--HDSD00.09.036 DE08.10.026.00 科室名称 -->
                      <wholeOrganization classCode="ORG" determinerCode="INSTANCE">
                        <id extension="${expectantRecord.deptName!'NA'}" root="2.16.156.10011.1.26"/>
                        <name>${expectantRecord.deptName!'NA'}</name>
                        <asOrganizationPartOf classCode="PART">
                          <!--HDSD00.09.005 DE08.10.054.00 病区名称-->
                          <wholeOrganization classCode="ORG" determinerCode="INSTANCE">
                            <id extension="${expectantRecord.areaName!'NA'}" root="2.16.156.10011.1.27"/>
                            <name>${expectantRecord.areaName!'NA'}</name>
                            <asOrganizationPartOf classCode="PART">
                              <!--医疗机构名称 -->
                              <wholeOrganization classCode="ORG" determinerCode="INSTANCE">
                                <id extension="${hospitalInfo.organCode!'NA'}" root="2.16.156.10011.1.5"/>
                                <name>${hospitalInfo.organName!'NA'}</name>
                              </wholeOrganization>
                            </asOrganizationPartOf>
                          </wholeOrganization>
                        </asOrganizationPartOf>
                      </wholeOrganization>
                    </asOrganizationPartOf>
                  </wholeOrganization>
                </asOrganizationPartOf>
              </wholeOrganization>
            </asOrganizationPartOf>
          </serviceProviderOrganization>
        </healthCareFacility>
      </location>
    </encompassingEncounter>
  </componentOf>
  <component>
    <structuredBody>
      <!-- 主要健康问题章节 -->
      <component>
        <section>
          <code code="11450-4" codeSystem="2.16.840.1.113883.6.1" codeSystemName="LOINC" displayName="Problem list"/>
          <text/>
          <entry>
            <observation classCode="OBS" moodCode="EVN">
              <code code="DE06.00.197.00" codeSystem="2.16.156.10011.2.2.1" codeSystemName="卫生信息数据元目录" displayName="待产日期时间"/>
              <value value="${expectantRecord.predeliveryDatetime!'NA'}" xsi:type="TS"/>
            </observation>
          </entry>
          <entry>
            <observation classCode="OBS" moodCode="EVN">
              <code code="DE04.01.108.00" codeSystem="2.16.156.10011.2.2.1" codeSystemName="卫生信息数据元目录" displayName="孕次"/>
              <value value="${expectantRecord.deliveryTimegravidityTime!'NA'}" xsi:type="INT"/>
            </observation>
          </entry>
          <entry>
            <observation classCode="OBS" moodCode="EVN">
              <code code="DE02.10.002.00" codeSystem="2.16.156.10011.2.2.1" codeSystemName="卫生信息数据元目录" displayName="产次"/>
              <value value="${expectantRecord.deliveryTime!'NA'}" xsi:type="INT"/>
            </observation>
          </entry>
          <entry>
            <observation classCode="OBS" moodCode="EVN">
              <code code="DE02.10.051.00" codeSystem="2.16.156.10011.2.2.1" codeSystemName="卫生信息数据元目录" displayName="末次月经日期"/>
              <value value="${expectantRecord.lastMenstrualPeriod!'NA'}" xsi:type="TS"/>
            </observation>
          </entry>
          <entry>
            <observation classCode="OBS" moodCode="EVN">
              <code code="DE06.00.261.00" codeSystem="2.16.156.10011.2.2.1" codeSystemName="卫生信息数据元目录" displayName="受孕形式代码"/>
              <value code="${expectantRecord.conceptionCode!'NA'}" codeSystem="2.16.156.10011.2.3.2.44" codeSystemName="受孕形式代码表" displayName="<@dict_tag value="${expectantRecord.conceptionCode!'NA'}" datasetCloumn="CONCEPTION_CODE">${dict.desc}</@dict_tag>" xsi:type="CD"/>
            </observation>
          </entry>
          <entry>
            <observation classCode="OBS" moodCode="EVN">
              <code code="DE05.10.098.00" codeSystem="2.16.156.10011.2.2.1" codeSystemName="卫生信息数据元目录" displayName="预产期"/>
              <value value="${expectantRecord.edcDesc!'NA'}" xsi:type="TS"/>
            </observation>
          </entry>
          <entry>
            <observation classCode="OBS" moodCode="EVN">
              <code code="DE04.10.013.00" codeSystem="2.16.156.10011.2.2.1" codeSystemName="卫生信息数据元目录" displayName="产前检查标志"/>
              <value value="${expectantRecord.prenatalExaminationCode!'NA'}" xsi:type="BL"/>
            </observation>
          </entry>
          <entry>
            <observation classCode="OBS" moodCode="EVN">
              <code code="DE05.10.161.00" codeSystem="2.16.156.10011.2.2.1" codeSystemName="卫生信息数据元目录" displayName="产前检查异常情况"/>
              <value xsi:type="ST">${expectantRecord.prenatalExaminationAbnormal!'NA'}</value>
            </observation>
          </entry>
          <entry>
            <observation classCode="OBS" moodCode="EVN">
              <code code="DE05.10.070.00" codeSystem="2.16.156.10011.2.2.1" codeSystemName="卫生信息数据元目录" displayName="此次妊娠特殊情况"/>
              <value xsi:type="ST">${expectantRecord.specialCasesPregnancy!'NA'}</value>
            </observation>
          </entry>
        </section>
      </component>
      <!-- 生命体征章节-->
      <component>
        <section>
          <code code="8716-3" codeSystem="2.16.840.1.113883.6.1" codeSystemName="LOINC" displayName="VITAL SIGNS"/>
          <text/>
          <entry>
            <observation classCode="OBS" moodCode="EVN">
              <code code="DE04.10.188.00" codeSystem="2.16.156.10011.2.2.1" codeSystemName="卫生信息数据元目录" displayName="孕前体重（kg）"/>
              <value unit="kg" value="${expectantRecord.prepregnancyWeight!'NA'}" xsi:type="PQ"/>
            </observation>
          </entry>
          <entry>
            <observation classCode="OBS" moodCode="EVN">
              <code code="DE04.10.167.00" codeSystem="2.16.156.10011.2.2.1" codeSystemName="卫生信息数据元目录" displayName="身高（cm）"/>
              <value unit="cm" value="${expectantRecord.height!'NA'}" xsi:type="PQ"/>
            </observation>
          </entry>
          <entry>
            <observation classCode="OBS" moodCode="EVN">
              <code code="DE04.10.188.00" codeSystem="2.16.156.10011.2.2.1" codeSystemName="卫生信息数据元目录" displayName="产前体重（kg）"/>
              <value unit="kg" value="${expectantRecord.antePartumWeight!'NA'}" xsi:type="PQ"/>
            </observation>
          </entry>
          <entry>
            <observation classCode="OBS" moodCode="EVN">
              <code code="DE05.10.070.00" codeSystem="2.16.156.10011.2.2.1" codeSystemName="卫生信息数据元目录" displayName="此次妊娠特殊情况"/>
              <value xsi:type="ST">${expectantRecord.specialCasesPregnancy!'NA'}</value>
            </observation>
          </entry>
          <entry>
            <observation classCode="OBS" moodCode="EVN">
              <code code="DE02.10.099.00" codeSystem="2.16.156.10011.2.2.1" codeSystemName="卫生信息数据元目录" displayName="既往史"/>
              <value xsi:type="ST">${expectantRecord.pastHistory!'NA'}</value>
            </observation>
          </entry>
          <entry>
            <observation classCode="OBS" moodCode="EVN">
              <code code="DE02.10.061.00" codeSystem="2.16.156.10011.2.2.1" codeSystemName="卫生信息数据元目录" displayName="手术史"/>
              <value xsi:type="ST">${expectantRecord.operationHistory!'NA'}</value>
            </observation>
          </entry>
          <entry>
            <observation classCode="OBS" moodCode="EVN">
              <code code="DE02.10.098.00" codeSystem="2.16.156.10011.2.2.1" codeSystemName="卫生信息数据元目录" displayName="既往孕产史"/>
              <value xsi:type="ST">${expectantRecord.pastPregnancyHistory!'NA'}</value>
            </observation>
          </entry>
          <entry>
            <organizer classCode="BATTERY" moodCode="EVN">
              <statusCode/>
              <component>
                <observation classCode="OBS" moodCode="EVN">
                  <code code="DE04.10.174.00" codeSystem="2.16.156.10011.2.2.1" codeSystemName="卫生信息数据元目录" displayName="收缩压"/>
                  <value unit="mmHg" value="${expectantRecord.systolicPressure!'NA'}" xsi:type="PQ"/>
                </observation>
              </component>
              <component>
                <observation classCode="OBS" moodCode="EVN">
                  <code code="DE04.10.176.00" codeSystem="2.16.156.10011.2.2.1" codeSystemName="卫生信息数据元目录" displayName="舒张压"/>
                  <value unit="mmHg" value="${expectantRecord.diastolicPressure!'NA'}" xsi:type="PQ"/>
                </observation>
              </component>
            </organizer>
          </entry>
          <entry>
            <observation classCode="OBS" moodCode="EVN">
              <code code="DE04.10.186.00" codeSystem="2.16.156.10011.2.2.1" codeSystemName="卫生信息数据元目录" displayName="体温（℃）"/>
              <value unit="℃" value="${expectantRecord.temperature!'NA'}" xsi:type="PQ"/>
            </observation>
          </entry>
          <entry>
            <observation classCode="OBS" moodCode="EVN">
              <code code="DE04.10.118.00" codeSystem="2.16.156.10011.2.2.1" codeSystemName="卫生信息数据元目录" displayName="脉率（次/min）"/>
              <value unit="次/min" value="${expectantRecord.pulseRate!'NA'}" xsi:type="PQ"/>
            </observation>
          </entry>
          <entry>
            <observation classCode="OBS" moodCode="EVN">
              <code code="DE04.10.081.00" codeSystem="2.16.156.10011.2.2.1" codeSystemName="卫生信息数据元目录" displayName="呼吸频率（次/min）"/>
              <value unit="次/min" value="${expectantRecord.breathFrequency!'NA'}" xsi:type="PQ"/>
            </observation>
          </entry>
        </section>
      </component>
      <!-- 产前检查章节 -->
      <component>
        <section>
          <code code="57073-9" codeSystem="2.16.840.1.113883.6.1" codeSystemName="LOINC" displayName="Prenatal events"/>
          <text/>
          <entry>
            <observation classCode="OBS" moodCode="EVN">
              <code code="DE04.10.067.00" codeSystem="2.16.156.10011.2.2.1" codeSystemName="卫生信息数据元目录" displayName="宫底高度（cm）"/>
              <value unit="cm" value="${expectantRecord.fundusHeight!'NA'}" xsi:type="PQ"/>
            </observation>
          </entry>
          <entry>
            <observation classCode="OBS" moodCode="EVN">
              <code code="DE04.10.052.00" codeSystem="2.16.156.10011.2.2.1" codeSystemName="卫生信息数据元目录" displayName="腹围（cm）"/>
              <value unit="cm" value="${expectantRecord.abdominalGirth!'NA'}" xsi:type="PQ"/>
            </observation>
          </entry>
          <entry>
            <observation classCode="OBS" moodCode="EVN">
              <code code="DE05.01.044.00" codeSystem="2.16.156.10011.2.2.1" codeSystemName="卫生信息数据元目录" displayName="胎方位代码"/>
              <value code="${expectantRecord.fetalPositionCode!'NA'}" codeSystem="2.16.156.10011.2.3.1.106" codeSystemName="胎方位代码表" displayName="<@dict_tag value="${expectantRecord.fetalPositionCode!'NA'}" datasetCloumn="FETAL_POSITION_CODE">${dict.desc}</@dict_tag>" xsi:type="CD"/>
            </observation>
          </entry>
          <entry>
            <observation classCode="OBS" moodCode="EVN">
              <code code="DE04.10.183.00" codeSystem="2.16.156.10011.2.2.1" codeSystemName="卫生信息数据元目录" displayName="胎心率（次/min）"/>
              <value unit="次/min" value="${expectantRecord.fetalHeartRate!'NA'}" xsi:type="PQ"/>
            </observation>
          </entry>
          <entry>
            <observation classCode="OBS" moodCode="EVN">
              <code code="DE05.10.135.00" codeSystem="2.16.156.10011.2.2.1" codeSystemName="卫生信息数据元目录" displayName="头位难产情况的评估"/>
              <value xsi:type="ST">${expectantRecord.headposDystociaEval!'NA'}</value>
            </observation>
          </entry>
          <entry>
            <observation classCode="OBS" moodCode="EVN">
              <code code="DE04.10.247.00" codeSystem="2.16.156.10011.2.2.1" codeSystemName="卫生信息数据元目录" displayName="出口横径（cm）"/>
              <value unit="cm" value="${expectantRecord.exitDiameter!'NA'}" xsi:type="PQ"/>
            </observation>
          </entry>
          <entry>
            <observation classCode="OBS" moodCode="EVN">
              <code code="DE04.10.175.00" codeSystem="2.16.156.10011.2.2.1" codeSystemName="卫生信息数据元目录" displayName="骶耻外径（cm）"/>
              <value unit="cm" value="${expectantRecord.sacralExternalDiameter!'NA'}" xsi:type="PQ"/>
            </observation>
          </entry>
          <entry>
            <observation classCode="OBS" moodCode="EVN">
              <code code="DE04.10.239.00" codeSystem="2.16.156.10011.2.2.1" codeSystemName="卫生信息数据元目录" displayName="坐骨结节间径（cm）"/>
              <value unit="cm" value="${expectantRecord.intertuberousDiameter!'NA'}" xsi:type="PQ"/>
            </observation>
          </entry>
          <entry>
            <observation classCode="OBS" moodCode="EVN">
              <code code="DE04.10.245.00" codeSystem="2.16.156.10011.2.2.1" codeSystemName="卫生信息数据元目录" displayName="宫缩情况"/>
              <value xsi:type="ST">${expectantRecord.contractions!'NA'}</value>
            </observation>
          </entry>
          <entry>
            <observation classCode="OBS" moodCode="EVN">
              <code code="DE04.10.248.00" codeSystem="2.16.156.10011.2.2.1" codeSystemName="卫生信息数据元目录" displayName="宫颈厚度"/>
              <value xsi:type="ST">${expectantRecord.cervicalCondition!'NA'}</value>
            </observation>
          </entry>
          <entry>
            <observation classCode="OBS" moodCode="EVN">
              <code code="DE04.10.265.00" codeSystem="2.16.156.10011.2.2.1" codeSystemName="卫生信息数据元目录" displayName="宫口情况"/>
              <value xsi:type="ST">${expectantRecord.uterineOrificeCondition!'NA'}</value>
            </observation>
          </entry>
          <entry>
            <observation classCode="OBS" moodCode="EVN">
              <code code="DE05.10.155.00" codeSystem="2.16.156.10011.2.2.1" codeSystemName="卫生信息数据元目录" displayName="胎膜情况代码"/>
              <value code="${expectantRecord.embryolemmaCode!'NA'}" codeSystem="2.16.156.10011.2.3.2.45" codeSystemName="胎膜情况代码表" displayName="<@dict_tag value="${expectantRecord.embryolemmaCode!'NA'}" datasetCloumn="EMBRYOLEMMA_CODE">${dict.desc}</@dict_tag>" xsi:type="CD"/>
            </observation>
          </entry>
          <entry>
            <observation classCode="OBS" moodCode="EVN">
              <code code="DE04.10.256.00" codeSystem="2.16.156.10011.2.2.1" codeSystemName="卫生信息数据元目录" displayName="破膜方式代码"/>
              <value code="${expectantRecord.ruptureMembraneCode!'NA'}" codeSystem="2.16.156.10011.2.3.2.46" codeSystemName="破膜方式代码表" displayName="<@dict_tag value="${expectantRecord.ruptureMembraneCode!'NA'}" datasetCloumn="RUPTURE_MEMBRANE_CODE">${dict.desc}</@dict_tag>" xsi:type="CD"/>
            </observation>
          </entry>
          <entry>
            <observation classCode="OBS" moodCode="EVN">
              <code code="DE04.10.262.00" codeSystem="2.16.156.10011.2.2.1" codeSystemName="卫生信息数据元目录" displayName="先露位置"/>
              <value xsi:type="ST">${expectantRecord.presentationPosition!'NA'}</value>
            </observation>
          </entry>
          <entry>
            <observation classCode="OBS" moodCode="EVN">
              <code code="DE04.30.062.00" codeSystem="2.16.156.10011.2.2.1" codeSystemName="卫生信息数据元目录" displayName="羊水情况"/>
              <value xsi:type="ST">${expectantRecord.amnioticFluidCondition!'NA'}</value>
            </observation>
          </entry>
          <entry>
            <observation classCode="OBS" moodCode="EVN">
              <code code="DE04.10.257.00" codeSystem="2.16.156.10011.2.2.1" codeSystemName="卫生信息数据元目录" displayName="膀胱充盈标志"/>
              <value value="${expectantRecord.bladderFillingCode!'NA'}" xsi:type="BL"/>
            </observation>
          </entry>
          <entry>
            <observation classCode="OBS" moodCode="EVN">
              <code code="DE04.01.123.00" codeSystem="2.16.156.10011.2.2.1" codeSystemName="卫生信息数据元目录" displayName="肠胀气标志"/>
              <value value="${expectantRecord.flatulenceCode!'NA'}" xsi:type="BL"/>
            </observation>
          </entry>
          <entry>
            <observation classCode="OBS" moodCode="EVN">
              <code code="DE04.50.139.00" codeSystem="2.16.156.10011.2.2.1" codeSystemName="卫生信息数据元目录" displayName="检查方式代码"/>
              <value code="${expectantRecord.examMethodCode!'NA'}" codeSystem="2.9999" codeSystemName="检查方式代码表" displayName="<@dict_tag value="${expectantRecord.examMethodCode!'NA'}" datasetCloumn="EXAM_METHOD_CODE">${dict.desc}</@dict_tag>" xsi:type="CD"/>
            </observation>
          </entry>
        </section>
      </component>
      <!-- 处置计划章节-->
      <component>
        <section>
          <code code="18776-5" codeSystem="2.16.840.1.113883.6.1" codeSystemName="LOINC" displayName="TREATMENT PLAN"/>
          <text/>
          <entry>
            <observation classCode="OBS" moodCode="EVN">
              <code code="DE05.10.014.00" codeSystem="2.16.156.10011.2.2.1" codeSystemName="卫生信息数据元目录" displayName="处置计划"/>
              <value xsi:type="ST">${expectantRecord.dispositionPlan!'NA'}</value>
            </observation>
          </entry>
          <entry>
            <observation classCode="OBS" moodCode="EVN">
              <code code="DE02.10.011.00" codeSystem="2.16.156.10011.2.2.1" codeSystemName="卫生信息数据元目录" displayName="计划选取的分娩方式"/>
              <value code="${expectantRecord.plannedDeliveryCode!'NA'}" codeSystem="2.16.156.10011.2.3.1.10" codeSystemName="分娩方式代码表" displayName="<@dict_tag value="${expectantRecord.plannedDeliveryCode!'NA'}" datasetCloumn="PLANNED_DELIVERY_CODE">${dict.desc}</@dict_tag>" xsi:type="CD"/>
            </observation>
          </entry>
          <entry>
            <observation classCode="OBS" moodCode="EVN">
              <code code="DE09.00.053.00" codeSystem="2.16.156.10011.2.2.1" codeSystemName="卫生信息数据元目录" displayName="产程记录日期时间"/>
              <value value="${expectantRecord.deliveryDatetime!'NA'}" xsi:type="TS"/>
            </observation>
          </entry>
          <entry>
            <observation classCode="OBS" moodCode="EVN">
              <code code="DE06.00.190.00" codeSystem="2.16.156.10011.2.2.1" codeSystemName="卫生信息数据元目录" displayName="产程经过"/>
              <value xsi:type="ST">${expectantRecord.birthProcess!'NA'}</value>
            </observation>
          </entry>
        </section>
      </component>
    </structuredBody>
  </component>
</ClinicalDocument>