﻿<?xml version="1.0" encoding="UTF-8"?>

<ClinicalDocument xmlns="urn:hl7-org:v3" xmlns:mif="urn:hl7-org:v3/mif" xmlns:xsi="http://www.w3.org/2001/XMLSchema-instance" xsi:schemaLocation="urn:hl7-org:v3 ..\sdschemas\CDA.xsd">
  <realmCode code="CN"/>
  <typeId extension="POCD_MT000040" root="2.16.840.1.113883.1.3"/>
  <templateId root="2.16.156.10011.2.1.1.42"/>
  <!-- 文档流水号 -->
  <id extension="${docInfo.docId}" root="2.16.156.10011.1.1"/>
  <code code="C0022" codeSystem="2.16.156.10011.2.4" codeSystemName="卫生信息共享文档规范编码体系"/>
  <title>高值耗材使用记录</title>
  <!-- 文档机器生成时间 -->
  <effectiveTime value="${docInfo.effectiveTime}"/>
  <confidentialityCode code="N" codeSystem="2.16.840.1.113883.5.25" codeSystemName="Confidentiality" displayName="正常访问保密级别"/>
  <languageCode code="zh-CN"/>
  <setId/>
  <versionNumber/>
  <recordTarget contextControlCode="OP" typeCode="RCT">
    <patientRole classCode="PAT">
      <!--住院号：DE01.00.014.00 @@@参照OID分配表修改 -->
      <id extension="${preciousConsumUsageRecord.inpNo!'NA'}" root="2.16.156.10011.1.12"/>
      <patient classCode="PSN" determinerCode="INSTANCE">
        <!--患者身份证号标识-->
        <id extension="<@privacy_tag value="${emrBasicpatient.identityNo!'NA'}" privacyId="1">${privacy}</@privacy_tag>" root="2.16.156.10011.1.3"/>
        <name><@privacy_tag value="${preciousConsumUsageRecord.patientName!'NA'}" privacyId="2">${privacy}</@privacy_tag></name>
        <administrativeGenderCode code="${preciousConsumUsageRecord.patientSex!'NA'}" codeSystem="2.16.156.10011.2.3.3.4" codeSystemName="生理性别代码表(GB/T 2261.1)" displayName="<@dict_tag value="${preciousConsumUsageRecord.patientSex!'NA'}" datasetCloumn="PATIENT_SEX">${dict.desc}</@dict_tag>"/>
        <#if preciousConsumUsageRecord.ageYear??>
        <age unit="岁" value="${preciousConsumUsageRecord.ageYear!'NA'}"/>
        <#else>
        <age unit="月" value="${preciousConsumUsageRecord.patientMonth!'NA'}"/>
        </#if>
      </patient>
      <providerOrganization>
        <id extension="${hospitalInfo.organCode!'NA'}" root="2.16.156.10011.1.5"/>
        <name>${hospitalInfo.organName!'NA'}</name>
      </providerOrganization>
    </patientRole>
  </recordTarget>
  <!-- 文档作者 -->
  <author contextControlCode="OP" typeCode="AUT">
    <!--签名日期时间：DE09.00.053.00-->
    <time value="${preciousConsumUsageRecord.createDatetime!'NA'}"/>
    <assignedAuthor classCode="ASSIGNED">
      <id extension="${preciousConsumUsageRecord.nurseSign!'NA'}" root="2.16.156.10011.1.7"/>
      <code displayName="护士"/>
      <assignedPerson>
        <name>${preciousConsumUsageRecord.nurseSign!'NA'}</name>
      </assignedPerson>
    </assignedAuthor>
  </author>
  <!-- 文档生成机构 -->
  <custodian typeCode="CST">
    <assignedCustodian classCode="ASSIGNED">
      <representedCustodianOrganization classCode="ORG" determinerCode="INSTANCE">
        <id extension="${hospitalInfo.organCode!'NA'}" root="2.16.156.10011.1.5"/>
        <name>${hospitalInfo.organName!'NA'}</name>
      </representedCustodianOrganization>
    </assignedCustodian>
  </custodian>
  <!-- 护士签名 -->
  <authenticator>
    <!--签名日期时间：DE09.00.053.00 -->
    <time value="${preciousConsumUsageRecord.signDatetime!'NA'}"/>
    <signatureCode/>
    <assignedEntity>
      <id extension="${preciousConsumUsageRecord.nurseSign!'NA'}" root="2.16.156.10011.1.4"/>
      <code displayName="护士"/>
      <assignedPerson>
        <!--护士姓名-->
        <name>${preciousConsumUsageRecord.nurseSign!'NA'}</name>
      </assignedPerson>
    </assignedEntity>
  </authenticator>
  <relatedDocument typeCode="RPLC">
    <parentDocument>
      <id/>
      <setId/>
      <versionNumber/>
    </parentDocument>
  </relatedDocument>
  <!--文档中医疗卫生事件的就诊场景,即入院场景记录-->
  <componentOf typeCode="COMP">
    <encompassingEncounter classCode="ENC" moodCode="EVN">
      <code/>
      <effectiveTime nullFlavor="NI"/>
      <location typeCode="LOC">
        <healthCareFacility classCode="SDLOC">
          <serviceProviderOrganization classCode="ORG" determinerCode="INSTANCE">
            <asOrganizationPartOf classCode="PART">
              <!--病床号：DE01.00.026.00-->
              <wholeOrganization classCode="ORG" determinerCode="INSTANCE">
                <id extension="${preciousConsumUsageRecord.bedNo!'NA'}" root="2.16.156.10011.1.22"/>
                <name>${preciousConsumUsageRecord.bedNo!'NA'}</name>
                <asOrganizationPartOf classCode="PART">
                  <!--病房号：DE01.00.019.00-->
                  <wholeOrganization classCode="ORG" determinerCode="INSTANCE">
                    <id extension="${preciousConsumUsageRecord.areaNo!'NA'}" root="2.16.156.10011.1.21"/>
                    <name>${preciousConsumUsageRecord.areaNo!'NA'}</name>
                    <asOrganizationPartOf classCode="PART">
                      <!--科室名称：DE08.10.026.00-->
                      <wholeOrganization classCode="ORG" determinerCode="INSTANCE">
                        <id extension="${preciousConsumUsageRecord.deptName!'NA'}" root="2.16.156.10011.1.26"/>
                        <name>${preciousConsumUsageRecord.deptName!'NA'}</name>
                        <asOrganizationPartOf classCode="PART">
                          <!--病区名称：DE08.10.054.00-->
                          <wholeOrganization classCode="ORG" determinerCode="INSTANCE">
                            <id extension="${preciousConsumUsageRecord.areaName!'NA'}" root="2.16.156.10011.1.27"/>
                            <name>${preciousConsumUsageRecord.areaName!'NA'}</name>
                          </wholeOrganization>
                        </asOrganizationPartOf>
                      </wholeOrganization>
                    </asOrganizationPartOf>
                  </wholeOrganization>
                </asOrganizationPartOf>
              </wholeOrganization>
            </asOrganizationPartOf>
          </serviceProviderOrganization>
        </healthCareFacility>
      </location>
    </encompassingEncounter>
  </componentOf>
  <component>
    <structuredBody>
      <!--诊断章节-->
      <component>
        <section>
          <code code="29548-5" codeSystem="2.16.840.1.113883.6.1" codeSystemName="LOINC" displayName="Diagnosis"/>
          <text/>
          <entry>
            <observation classCode="OBS" moodCode="EVN">
              <code code="DE05.01.024.00" codeSystem="2.16.156.10011.2.2.1" codeSystemName="卫生信息数据元目录" displayName="疾病诊断编码"/>
              <value code="${preciousConsumUsageRecord.diagCode!'NA'}" codeSystem="2.16.156.10011.2.3.3.11" codeSystemName="ICD-10" xsi:type="CD" displayName="<@dict_tag value="${preciousConsumUsageRecord.diagCode!'NA'}" datasetCloumn="DIAG_CODE">${dict.desc}</@dict_tag>"/>
            </observation>
          </entry>
        </section>
      </component>
      <!--高值耗材章节（同用药章节） -->
      <component>
        <section>
          <code code="10160-0" codeSystem="2.16.840.1.113883.6.1" codeSystemName="LOINC" displayName="HISTORY OF MEDICATION USE"/>
          <text/>
          <entry>
            <substanceAdministration classCode="SBADM" moodCode="EVN">
              <text/>
              <!--使用途径：DE06.00.242.00-->
              <routeCode nullFlavor="OTH">
                <originalText>${preciousConsumUsageRecord.useWays!'NA'}</originalText>
              </routeCode>
              <!--耗材数量DE06.00.241.00、耗材单位DE08.50.034.00 -->
              <doseQuantity unit="${preciousConsumUsageRecord.expUnit!'NA'}" value="${preciousConsumUsageRecord.quantity!'NA'}"/>
              <consumable>
                <manufacturedProduct>
                  <!--产品编码-->
                  <id extension="${preciousConsumUsageRecord.expCode!'NA'}" root="2.9999"/>
                  <manufacturedMaterial>
                    <code/>
                    <!--材料名称 -->
                    <name>${preciousConsumUsageRecord.expName!'NA'}</name>
                  </manufacturedMaterial>
                  <manufacturerOrganization>
                    <!--产品生产厂家-->
                    <name>${preciousConsumUsageRecord.expFactory!'NA'}</name>
                    <asOrganizationPartOf>
                      <wholeOrganization>
                        <!--产品供应商-->
                        <name>${preciousConsumUsageRecord.expSupplier!'NA'}</name>
                      </wholeOrganization>
                    </asOrganizationPartOf>
                  </manufacturerOrganization>
                </manufacturedProduct>
              </consumable>
              <entryRelationship typeCode="COMP">
                <observation classCode="OBS" moodCode="EVN">
                  <code code="DE08.50.058.00" codeSystem="2.16.156.10011.2.2.1" codeSystemName="卫生信息数据元目录" displayName="植入性耗材标志"/>
                  <!-- 植入性耗材标志：DE08.50.058.00 -->
                  <value value="${preciousConsumUsageRecord.expImplantableFlag!'NA'}" xsi:type="BL"/>
                </observation>
              </entryRelationship>
            </substanceAdministration>
          </entry>
        </section>
      </component>
    </structuredBody>
  </component>
</ClinicalDocument>