﻿<?xml version="1.0" encoding="UTF-8"?>

<ClinicalDocument xmlns="urn:hl7-org:v3" xmlns:xsi="http://www.w3.org/2001/XMLSchema-instance" xsi:schemaLocation="urn:hl7-org:v3 ../sdschemas/CDA.xsd">
  <realmCode code="CN"/>
  <typeId extension="POCD_MT000040" root="2.16.840.1.113883.1.3"/>
  <templateId root="2.16.156.10011.2.1.1.46"/>
  <!-- 文档流水号 -->
  <id extension="${docInfo.docId}" root="2.16.156.10011.1.1"/>
  <code code="C0026" codeSystem="2.16.156.10011.2.4" codeSystemName="卫生信息共享文档规范编码体系"/>
  <title>手术知情告知书</title>
  <!-- 文档机器生成时间 -->
  <effectiveTime value="${docInfo.effectiveTime}"/>
  <confidentialityCode code="N" codeSystem="2.16.840.1.113883.5.25" codeSystemName="Confidentiality" displayName="正常访问保密级别"/>
  <languageCode code="zh-CN"/>
  <setId/>
  <versionNumber/>
  <!--患者信息-->
  <recordTarget contextControlCode="OP" typeCode="RCT">
    <patientRole>
      <!--门诊号-->
      <id extension="${operationInformedConsent.outpNo!'NA'}" root="2.16.156.10011.1.11"/>
      <!--住院号-->
      <id extension="${operationInformedConsent.inpNo!'NA'}" root="2.16.156.10011.1.12"/>
      <!-- 知情同意书编号 -->
      <id extension="${operationInformedConsent.informedConsentNo!'NA'}" root="2.16.156.10011.1.34"/>
      <patient>
        <!--患者身份证号标识-->
        <id extension="<@privacy_tag value="${emrBasicpatient.identityNo!'NA'}" privacyId="1">${privacy}</@privacy_tag>" root="2.16.156.10011.1.3"/>
        <name><@privacy_tag value="${operationInformedConsent.patientName!'NA'}" privacyId="2">${privacy}</@privacy_tag></name>
        <!--性别-->
        <administrativeGenderCode code="${operationInformedConsent.sexCode!'NA'}" codeSystem="2.16.156.10011.2.3.3.4" codeSystemName="生理性别代码表(GB/T 2261.1)" displayName="<@dict_tag value="${operationInformedConsent.sexCode!'NA'}" datasetCloumn="SEX_CODE">${dict.desc}</@dict_tag>"/>
        <#if operationInformedConsent.ageYear??>
        <age unit="岁" value="${operationInformedConsent.ageYear!'NA'}"/>
        <#else>
        <age unit="月" value="${operationInformedConsent.patientMonth!'NA'}"/>
        </#if>
      </patient>
    </patientRole>
  </recordTarget>
  <!--作者-->
  <author contextControlCode="OP" typeCode="AUT">
    <time value="${operationInformedConsent.doctorSignDatetime!'NA'}"/>
    <assignedAuthor classCode="ASSIGNED">
      <id extension="${operationInformedConsent.treatingDoctorSign!'NA'}" root="2.16.156.10011.1.7"/>
      <assignedPerson>
        <name>${operationInformedConsent.treatingDoctorSign!'NA'}</name>
      </assignedPerson>
    </assignedAuthor>
  </author>
  <!--保管机构代码-->
  <custodian typeCode="CST">
    <assignedCustodian classCode="ASSIGNED">
      <representedCustodianOrganization classCode="ORG" determinerCode="INSTANCE">
        <id extension="${hospitalInfo.organCode!'NA'}" root="2.16.156.10011.1.5"/>
        <name>${hospitalInfo.organName!'NA'}</name>
      </representedCustodianOrganization>
    </assignedCustodian>
  </custodian>
  <!--医师签名-->
  <legalAuthenticator typeCode="LA">
    <time value="${operationInformedConsent.doctorSignDatetime!'NA'}"/>
    <signatureCode/>
    <assignedEntity>
      <id extension="${operationInformedConsent.treatingDoctorSign!'NA'}" root="2.16.156.10011.1.4"/>
      <assignedPerson>
        <!-- DE02.01.039.00经治医师签名 -->
        <name>${operationInformedConsent.treatingDoctorSign!'NA'}</name>
      </assignedPerson>
    </assignedEntity>
  </legalAuthenticator>
  <!-- 手术者签名 -->
  <authenticator>
    <time value="${operationInformedConsent.signDatetime!'NA'}"/>
    <signatureCode/>
    <assignedEntity>
      <id extension="${operationInformedConsent.operatorSign!'NA'}" root="2.16.156.10011.1.4"/>
      <assignedPerson>
        <!-- 手术者姓名 -->
        <name>${operationInformedConsent.operatorSign!'NA'}</name>
      </assignedPerson>
    </assignedEntity>
  </authenticator>
  <!-- 患者签名 -->
  <authenticator>
    <time value="${operationInformedConsent.signDatetime!'NA'}"/>
    <signatureCode/>
    <assignedEntity>
      <id extension="${operationInformedConsent.patientSign!'NA'}" root="2.16.156.10011.1.3"/>
      <assignedPerson>
        <!-- 患者姓名 -->
        <name>${operationInformedConsent.patientSign!'NA'}</name>
      </assignedPerson>
    </assignedEntity>
  </authenticator>
  <!--代理人签名-->
  <authenticator>
    <!-- DE09.00.053.00签名日期时间 -->
    <time value="${operationInformedConsent.signDatetime!'NA'}"/>
    <signatureCode/>
    <assignedEntity>
      <id extension="${operationInformedConsent.legalAgentSign!'NA'}" root="2.16.156.10011.1.3"/>
      <!--代理人关系-->
      <code code="${operationInformedConsent.relationCode!'NA'}" codeSystem="2.16.156.10011.2.3.3.8" codeSystemName="家庭关系代码表(GB/T 4761)" displayName="<@dict_tag value="${operationInformedConsent.relationCode!'NA'}" datasetCloumn="RELATION_CODE">${dict.desc}</@dict_tag>"/>
      <assignedPerson>
        <name>${operationInformedConsent.legalAgentSign!'NA'}</name>
      </assignedPerson>
    </assignedEntity>
  </authenticator>
  <relatedDocument typeCode="RPLC">
    <parentDocument>
      <id/>
      <setId/>
      <versionNumber/>
    </parentDocument>
  </relatedDocument>
  <!-- 病床号、病房、病区、科室和医院的关联 -->
  <componentOf>
    <encompassingEncounter>
      <effectiveTime/>
      <location>
        <healthCareFacility>
          <serviceProviderOrganization>
            <asOrganizationPartOf classCode="PART">
              <!-- DE01.00.026.00病床号 -->
              <wholeOrganization classCode="ORG" determinerCode="INSTANCE">
                <id extension="${operationInformedConsent.bedNo!'NA'}" root="2.16.156.10011.1.22"/>
                <name>${operationInformedConsent.bedNo!'NA'}</name>
                <asOrganizationPartOf classCode="PART">
                  <!-- DE01.00.019.00病房号 -->
                  <wholeOrganization classCode="ORG" determinerCode="INSTANCE">
                    <id extension="${operationInformedConsent.areaNo!'NA'}" root="2.16.156.10011.1.21"/>
                    <name>${operationInformedConsent.areaNo!'NA'}</name>
                    <asOrganizationPartOf classCode="PART">
                      <!-- DE08.10.026.00科室名称 -->
                      <wholeOrganization classCode="ORG" determinerCode="INSTANCE">
                        <id extension="${operationInformedConsent.deptName!'NA'}" root="2.16.156.10011.1.26"/>
                        <name>${operationInformedConsent.deptName!'NA'}</name>
                        <asOrganizationPartOf classCode="PART">
                          <!-- DE08.10.054.00病区名称 -->
                          <wholeOrganization classCode="ORG" determinerCode="INSTANCE">
                            <id extension="${operationInformedConsent.areaName!'NA'}" root="2.16.156.10011.1.27"/>
                            <name>${operationInformedConsent.areaName!'NA'}</name>
                            <asOrganizationPartOf classCode="PART">
                              <!--医疗机构名称 -->
                              <wholeOrganization classCode="ORG" determinerCode="INSTANCE">
                                <id extension="${hospitalInfo.organCode!'NA'}" root="2.16.156.10011.1.5"/>
                                <name>${hospitalInfo.organName!'NA'}</name>
                              </wholeOrganization>
                            </asOrganizationPartOf>
                          </wholeOrganization>
                        </asOrganizationPartOf>
                      </wholeOrganization>
                    </asOrganizationPartOf>
                  </wholeOrganization>
                </asOrganizationPartOf>
              </wholeOrganization>
            </asOrganizationPartOf>
          </serviceProviderOrganization>
        </healthCareFacility>
      </location>
    </encompassingEncounter>
  </componentOf>
  <component>
    <structuredBody>
      <!--术前诊断章节-->
      <component>
        <section>
          <code code="10219-4" codeSystem="2.16.840.1.113883.6.1" codeSystemName="LOINC" displayName="Surgical operation note preoperative Dx"/>
          <text/>
          <entry typeCode="COMP">
            <observation classCode="OBS" moodCode="EVN">
              <code code="DE05.01.024.00" codeSystem="2.16.156.10011.2.2.1" codeSystemName="卫生信息数据元目录"/>
              <value code="${operationInformedConsent.preoperationDiagCode!'NA'}" codeSystem="2.16.156.10011.2.3.3.11" codeSystemName="ICD-10" displayName="<@dict_tag value="${operationInformedConsent.preoperationDiagCode!'NA'}" datasetCloumn="PREOPERATION_DIAG_CODE">${dict.desc}</@dict_tag>" xsi:type="CD"/>
            </observation>
          </entry>
        </section>
      </component>
      <!--治疗计划章节-->
      <component>
        <section>
          <code code="18776-5" codeSystem="2.16.840.1.113883.6.1" codeSystemName="LOINC" displayName="TREATMENT PLAN"/>
          <text/>
          <!--拟实施手术-->
          <entry>
            <!--拟实施手术-->
            <procedure classCode="PROC" moodCode="RQO">
              <code code="${operationInformedConsent.intentOperateCode!'NA'}" codeSystem="2.16.156.10011.2.3.3.12" codeSystemName="手术(操作)代码表(ICD-9-CM)" displayName="<@dict_tag value="${operationInformedConsent.intentOperateCode!'NA'}" datasetCloumn="INTENT_OPERATE_CODE">${dict.desc}</@dict_tag>"/>
              <statusCode code="new"/>
              <!--手术时间-->
              <effectiveTime value="${operationInformedConsent.intentOperateDatetime!'NA'}"/>
              <!--手术方式描述-->
              <entryRelationship typeCode="COMP">
                <observation classCode="OBS" moodCode="EVN">
                  <code code="DE06.00.302.00" codeSystem="2.16.156.10011.2.2.1" codeSystemName="卫生信息数据元目录" displayName="手术方式"/>
                  <value xsi:type="ST">${operationInformedConsent.operationMethod!'NA'}</value>
                </observation>
              </entryRelationship>
              <!--手术前的准备-->
              <entryRelationship typeCode="COMP">
                <observation classCode="OBS" moodCode="EVN">
                  <code code="DE06.00.271.00" codeSystem="2.16.156.10011.2.2.1" codeSystemName="卫生信息数据元目录" displayName="术前准备"/>
                  <value xsi:type="ST">${operationInformedConsent.operationBeforePrepare!'NA'}</value>
                </observation>
              </entryRelationship>
              <!--手术禁忌症-->
              <entryRelationship typeCode="COMP">
                <observation classCode="OBS" moodCode="DEF">
                  <code code="DE05.10.141.00" codeSystem="2.16.156.10011.2.2.1" codeSystemName="卫生信息数据元目录" displayName="手术禁忌症"/>
                  <value xsi:type="ST">${operationInformedConsent.operationContraindication!'NA'}</value>
                </observation>
              </entryRelationship>
              <!--手术指征-->
              <entryRelationship typeCode="RSON">
                <observation classCode="OBS" moodCode="EVN">
                  <code code="DE06.00.340.00" codeSystem="2.16.156.10011.2.2.1" codeSystemName="卫生信息数据元目录" displayName="手术指征"/>
                  <value xsi:type="ST">${operationInformedConsent.operationIndication!'NA'}</value>
                </observation>
              </entryRelationship>
              <!--拟麻醉信息-->
              <entryRelationship typeCode="COMP">
                <observation classCode="OBS" moodCode="EVN">
                  <code code="DE06.00.073.00" codeSystem="2.16.156.10011.2.2.1" codeSystemName="麻醉方法代码表" displayName="拟实施麻醉方法代码"/>
                  <value code="${operationInformedConsent.intentAnesthesiaCode!'NA'}" codeSystem="2.16.156.10011.2.3.1.159" codeSystemName="麻醉方法代码表" displayName="<@dict_tag value="${operationInformedConsent.intentAnesthesiaCode!'NA'}" datasetCloumn="INTENT_ANESTHESIA_CODE">${dict.desc}</@dict_tag>" xsi:type="CD"/>
                </observation>
              </entryRelationship>
            </procedure>
          </entry>
          <!--替代方案-->
          <entry>
            <observation classCode="OBS" moodCode="DEF">
              <code code="DE06.00.301.00" codeSystem="2.16.156.10011.2.2.1" codeSystemName="卫生信息数据元目录" displayName="替代方案"/>
              <value xsi:type="ST">${operationInformedConsent.replaceScheme!'NA'}</value>
            </observation>
          </entry>
        </section>
      </component>
      <!--意见章节-->
      <component>
        <section>
          <code displayName="意见章节"/>
          <text/>
          <!--医疗机构意见-->
          <entry>
            <observation classCode="OBS" moodCode="EVN">
              <code code="DE06.00.018.00" codeSystem="2.16.156.10011.2.2.1" codeSystemName="卫生信息数据元目录" displayName="医疗机构的意见"/>
              <value xsi:type="ST">${operationInformedConsent.orgOpinion!'NA'}</value>
            </observation>
          </entry>
          <!--患者意见-->
          <entry>
            <observation classCode="OBS" moodCode="EVN">
              <code code="DE06.00.018.00" codeSystem="2.16.156.10011.2.2.1" codeSystemName="卫生信息数据元目录" displayName="患者的意见"/>
              <value xsi:type="ST">${operationInformedConsent.patientAgentOpinion!'NA'}</value>
            </observation>
          </entry>
        </section>
      </component>
      <!--风险章节-->
      <component>
        <section>
          <code displayName="操作风险"/>
          <text/>
          <!--手术中可能出现的意外-->
          <entry>
            <observation classCode="OBS" moodCode="DEF">
              <code code="DE05.10.162.00" codeSystem="2.16.156.10011.2.2.1" codeSystemName="卫生信息数据元目录" displayName="手术中可能出现的意外及风险"/>
              <value xsi:type="ST">${operationInformedConsent.opeationPossibleVenture!'NA'}</value>
            </observation>
          </entry>
          <!--手术后可能出现的意外-->
          <entry>
            <observation classCode="OBS" moodCode="DEF">
              <code code="DE05.01.075.00" codeSystem="2.16.156.10011.2.2.1" codeSystemName="卫生信息数据元目录" displayName="手术后可能出现的意外以及风险"/>
              <value xsi:type="ST">${operationInformedConsent.opeaAfterPosVenture!'NA'}</value>
            </observation>
          </entry>
        </section>
      </component>
    </structuredBody>
  </component>
</ClinicalDocument>