﻿<?xml version="1.0" encoding="UTF-8"?>

<ClinicalDocument xmlns="urn:hl7-org:v3" xmlns:xsi="http://www.w3.org/2001/XMLSchema-instance" xsi:schemaLocation="urn:hl7-org:v3 ../sdschemas/CDA.xsd">
  <realmCode code="CN"/>
  <typeId extension="POCD_MT000040" root="2.16.840.1.113883.1.3"/>
  <templateId root="2.16.156.10011.2.1.1.47"/>
  <!-- 文档流水号 -->
  <id extension="${docInfo.docId}" root="2.16.156.10011.1.1"/>
  <code code="C0027" codeSystem="2.16.156.10011.2.4" codeSystemName="卫生信息共享文档规范编码体系"/>
  <title>麻醉知情同意书</title>
  <!-- 文档机器生成时间 -->
  <effectiveTime value="${docInfo.effectiveTime}"/>
  <confidentialityCode code="N" codeSystem="2.16.840.1.113883.5.25" codeSystemName="Confidentiality" displayName="正常访问保密级别"/>
  <languageCode code="zh-CN"/>
  <setId/>
  <versionNumber/>
  <!--患者信息-->
  <recordTarget contextControlCode="OP" typeCode="RCT">
    <patientRole>
      <!--门诊号-->
      <id extension="${cseInformedConsent.outpNo!'NA'}" root="2.16.156.10011.1.11"/>
      <!--住院号-->
      <id extension="${cseInformedConsent.inpNo!'NA'}" root="2.16.156.10011.1.12"/>
      <!-- 知情同意书编号 -->
      <id extension="${cseInformedConsent.informedConsentNo!'NA'}" root="2.16.156.10011.1.34"/>
      <patient>
        <!--患者身份证号标识-->
        <id extension="<@privacy_tag value="${emrBasicpatient.identityNo!'NA'}" privacyId="1">${privacy}</@privacy_tag>" root="2.16.156.10011.1.3"/>
        <name><@privacy_tag value="${cseInformedConsent.patientName!'NA'}" privacyId="2">${privacy}</@privacy_tag></name>
        <!--性别-->
        <administrativeGenderCode code="${cseInformedConsent.sexCode!'NA'}" codeSystem="2.16.156.10011.2.3.3.4" codeSystemName="生理性别代码表(GB/T 2261.1)" displayName="<@dict_tag value="${cseInformedConsent.sexCode!'NA'}" datasetCloumn="SEX_CODE">${dict.desc}</@dict_tag>"/>
        <#if cseInformedConsent.ageYear??>
        <age unit="岁" value="${cseInformedConsent.ageYear!'NA'}"/>
        <#else>
        <age unit="月" value="${cseInformedConsent.patientMonth!'NA'}"/>
        </#if>
      </patient>
    </patientRole>
  </recordTarget>
  <!--作者-->
  <author contextControlCode="OP" typeCode="AUT">
    <time value="${cseInformedConsent.anesthesiaSignDatetime!'NA'}"/>
    <assignedAuthor classCode="ASSIGNED">
      <id extension="${cseInformedConsent.anesthesiaDoctorSign!'NA'}" root="2.16.156.10011.1.7"/>
      <assignedPerson>
        <name>${cseInformedConsent.anesthesiaDoctorSign!'NA'}</name>
      </assignedPerson>
    </assignedAuthor>
  </author>
  <!--保管机构代码-->
  <custodian typeCode="CST">
    <assignedCustodian classCode="ASSIGNED">
      <representedCustodianOrganization classCode="ORG" determinerCode="INSTANCE">
        <id extension="${hospitalInfo.organCode!'NA'}" root="2.16.156.10011.1.5"/>
        <name>${hospitalInfo.organName!'NA'}</name>
      </representedCustodianOrganization>
    </assignedCustodian>
  </custodian>
  <!--麻醉医师签名 DE02.01.039.00 -->
  <legalAuthenticator typeCode="LA">
    <!-- DE09.00.053.00麻醉医师签名日期时间 -->
    <time value="${cseInformedConsent.anesthesiaSignDatetime!'NA'}"/>
    <signatureCode/>
    <assignedEntity>
      <id extension="${cseInformedConsent.anesthesiaDoctorSign!'NA'}" root="2.16.156.10011.1.4"/>
      <assignedPerson>
        <name>${cseInformedConsent.anesthesiaDoctorSign!'NA'}</name>
      </assignedPerson>
    </assignedEntity>
  </legalAuthenticator>
  <!-- 患者签名 -->
  <authenticator>
    <!-- DE09.00.053.00签名日期时间 -->
    <time value="${cseInformedConsent.signDatetime!'NA'}"/>
    <signatureCode/>
    <assignedEntity>
      <id extension="${cseInformedConsent.patientSign!'NA'}" root="2.16.156.10011.1.3"/>
      <assignedPerson>
        <name>${cseInformedConsent.patientSign!'NA'}</name>
      </assignedPerson>
    </assignedEntity>
  </authenticator>
  <!--代理人签名-->
  <authenticator>
    <!-- DE09.00.053.00签名日期时间 -->
    <time value="${cseInformedConsent.signDatetime!'NA'}"/>
    <signatureCode/>
    <assignedEntity>
      <id extension="${cseInformedConsent.legalAgentSign!'NA'}" root="2.16.156.10011.1.3"/>
      <!--代理人关系-->
      <code code="${cseInformedConsent.relationCode!'NA'}" codeSystem="2.16.156.10011.2.3.3.8" codeSystemName="家庭关系代码表(GB/T 4761)" displayName="<@dict_tag value="${cseInformedConsent.relationCode!'NA'}" datasetCloumn="RELATION_CODE">${dict.desc}</@dict_tag>"/>
      <assignedPerson>
        <name>${cseInformedConsent.legalAgentSign!'NA'}</name>
      </assignedPerson>
    </assignedEntity>
  </authenticator>
  <relatedDocument typeCode="RPLC">
    <parentDocument>
      <id/>
      <setId/>
      <versionNumber/>
    </parentDocument>
  </relatedDocument>
  <!-- 病床号、病房、病区、科室和医院的关联 -->
  <componentOf>
    <encompassingEncounter>
      <effectiveTime/>
      <location>
        <healthCareFacility>
          <serviceProviderOrganization>
            <asOrganizationPartOf classCode="PART">
              <!-- DE01.00.026.00病床号 -->
              <wholeOrganization classCode="ORG" determinerCode="INSTANCE">
                <id extension="${cseInformedConsent.bedNo!'NA'}" root="2.16.156.10011.1.22"/>
                <name>${cseInformedConsent.bedNo!'NA'}</name>
                <asOrganizationPartOf classCode="PART">
                  <!-- DE01.00.019.00病房号 -->
                  <wholeOrganization classCode="ORG" determinerCode="INSTANCE">
                    <id extension="${cseInformedConsent.areaNo!'NA'}" root="2.16.156.10011.1.21"/>
                    <name>${cseInformedConsent.areaNo!'NA'}</name>
                    <asOrganizationPartOf classCode="PART">
                      <!-- DE08.10.026.00科室名称 -->
                      <wholeOrganization classCode="ORG" determinerCode="INSTANCE">
                        <id extension="${cseInformedConsent.deptName!'NA'}" root="2.16.156.10011.1.26"/>
                        <name>${cseInformedConsent.deptName!'NA'}</name>
                        <asOrganizationPartOf classCode="PART">
                          <!-- DE08.10.054.00病区名称 -->
                          <wholeOrganization classCode="ORG" determinerCode="INSTANCE">
                            <id extension="${cseInformedConsent.areaName!'NA'}" root="2.16.156.10011.1.27"/>
                            <name>${cseInformedConsent.areaName!'NA'}</name>
                            <asOrganizationPartOf classCode="PART">
                              <!--医疗机构名称 -->
                              <wholeOrganization classCode="ORG" determinerCode="INSTANCE">
                                <id extension="${hospitalInfo.organCode!'NA'}" root="2.16.156.10011.1.5"/>
                                <name>${hospitalInfo.organName!'NA'}</name>
                              </wholeOrganization>
                            </asOrganizationPartOf>
                          </wholeOrganization>
                        </asOrganizationPartOf>
                      </wholeOrganization>
                    </asOrganizationPartOf>
                  </wholeOrganization>
                </asOrganizationPartOf>
              </wholeOrganization>
            </asOrganizationPartOf>
          </serviceProviderOrganization>
        </healthCareFacility>
      </location>
    </encompassingEncounter>
  </componentOf>
  <component>
    <structuredBody>
      <!--术前诊断章节-->
      <component>
        <section>
          <code code="10219-4" codeSystem="2.16.840.1.113883.6.1" codeSystemName="LOINC" displayName="Surgical operation note preoperative Dx"/>
          <text/>
          <!--术前诊断编码-->
          <entry>
            <observation classCode="OBS" moodCode="EVN">
              <code code="DE05.01.024.00" codeSystem="2.16.156.10011.2.2.1" codeSystemName="卫生信息数据元目录" displayName="术前诊断编码"/>
              <value code="${cseInformedConsent.preoperationDiagCode!'NA'}" codeSystem="2.16.156.10011.2.3.3.11" codeSystemName="ICD-10" displayName="<@dict_tag value="${cseInformedConsent.preoperationDiagCode!'NA'}" datasetCloumn="PREOPERATION_DIAG_CODE">${dict.desc}</@dict_tag>" xsi:type="CD"/>
            </observation>
          </entry>
        </section>
      </component>
      <!--治疗计划章节-->
      <component>
        <section>
          <code code="18776-5" codeSystem="2.16.840.1.113883.6.1" codeSystemName="LOINC" displayName="TREATMENT PLAN"/>
          <text/>
          <!--拟实施麻醉-->
          <entry>
            <procedure classCode="PROC" moodCode="EVN">
              <code code="${cseInformedConsent.intentAnesthesiaCode!'NA'}" codeSystem="2.16.156.10011.2.3.1.159" codeSystemName="麻醉方法代码表" displayName="<@dict_tag value="${cseInformedConsent.intentAnesthesiaCode!'NA'}" datasetCloumn="INTENT_ANESTHESIA_CODE">${dict.desc}</@dict_tag>"/>
              <statusCode/>
              <!--拟实施时间-->
              <effectiveTime value="${cseInformedConsent.intentOperateDatetime!'NA'}"/>
              <!--拟实施手术-->
              <entryRelationship typeCode="CAUS">
                <procedure classCode="PROC" moodCode="EVN">
                  <code code="${cseInformedConsent.intentOperateCode!'NA'}" codeSystem="2.16.156.10011.2.3.3.12" codeSystemName="手术(操作)代码表(ICD-9-CM)" displayName="<@dict_tag value="${cseInformedConsent.intentOperateCode!'NA'}" datasetCloumn="INTENT_OPERATE_CODE">${dict.desc}</@dict_tag>"/>
                </procedure>
              </entryRelationship>
              <!--拟行有创操作和检测方法-->
              <entryRelationship typeCode="COMP">
                <observation classCode="OBS" moodCode="EVN">
                  <code code="DE06.00.073.00" codeSystem="2.16.156.10011.2.2.1" codeSystemName="卫生信息数据元目录" displayName="拟行有创操作和检测方法"/>
                  <value xsi:type="ST">${cseInformedConsent.intInvaseOpMonWay!'NA'}</value>
                </observation>
              </entryRelationship>
              <!--基础疾病可能对麻醉产生的影像-->
              <entryRelationship typeCode="COMP">
                <observation classCode="OBS" moodCode="DEF">
                  <code code="DE05.10.146.00" codeSystem="2.16.156.10011.2.2.1" codeSystemName="卫生信息数据元目录" displayName="基础疾病可能对麻醉产生的影响"/>
                  <value xsi:type="ST">${cseInformedConsent.baseDeseasePossibleInflu!'NA'}</value>
                  <!--基础疾病-->
                  <entryRelationship typeCode="CAUS">
                    <observation classCode="OBS" moodCode="EVN">
                      <code code="DE04.01.121.00" codeSystem="2.16.156.10011.2.2.1" codeSystemName="卫生信息数据元目录" displayName="患者基础疾病"/>
                      <value xsi:type="ST">${cseInformedConsent.patientUnderlyingDisease!'NA'}</value>
                    </observation>
                  </entryRelationship>
                </observation>
              </entryRelationship>
              <!--使用麻醉镇痛泵标志-->
              <entryRelationship typeCode="COMP">
                <observation classCode="OBS" moodCode="DEF">
                  <code code="DE06.00.240.00" codeSystem="2.16.156.10011.2.2.1" codeSystemName="卫生信息数据元目录" displayName="使用麻醉镇痛汞标志"/>
                  <value value="${cseInformedConsent.anesthesiaSafetyInsurFlag!'NA'}" xsi:type="BL"/>
                </observation>
              </entryRelationship>
              <!--参加麻醉安全保险标志-->
              <entryRelationship typeCode="COMP">
                <observation classCode="OBS" moodCode="DEF">
                  <code code="DE01.00.016.00" codeSystem="2.16.156.10011.2.2.1" codeSystemName="卫生信息数据元目录" displayName="参加麻醉安全保险标志"/>
                  <value value="${cseInformedConsent.anesthesiaSafeFlag!'NA'}" xsi:type="BL"/>
                </observation>
              </entryRelationship>
            </procedure>
          </entry>
        </section>
      </component>
      <!--意见章节-->
      <component>
        <section>
          <code displayName="意见章节"/>
          <text/>
          <!--医疗机构意见-->
          <entry>
            <observation classCode="OBS" moodCode="EVN">
              <code code="DE06.00.018.00" codeSystem="2.16.156.10011.2.2.1" codeSystemName="卫生信息数据元目录" displayName="医疗机构的意见"/>
              <value xsi:type="ST">${cseInformedConsent.orgOpinion!'NA'}</value>
            </observation>
          </entry>
          <!--患者意见-->
          <entry>
            <observation classCode="OBS" moodCode="EVN">
              <code code="DE06.00.018.00" codeSystem="2.16.156.10011.2.2.1" codeSystemName="卫生信息数据元目录" displayName="患者的意见"/>
              <value xsi:type="ST">${cseInformedConsent.patientAgentOpinion!'NA'}</value>
            </observation>
          </entry>
        </section>
      </component>
      <!--风险章节-->
      <component>
        <section>
          <code displayName="操作风险"/>
          <text/>
          <!--麻醉中可能出现的意外-->
          <entry>
            <observation classCode="OBS" moodCode="DEF">
              <code code="DE05.01.075.00" codeSystem="2.16.156.10011.2.2.1" codeSystemName="卫生信息数据元目录" displayName="麻醉中，麻醉后可能产发生的意外及并发症"/>
              <value xsi:type="ST">${cseInformedConsent.anaesthesiaPossibleAccident!'NA'}</value>
            </observation>
          </entry>
        </section>
      </component>
    </structuredBody>
  </component>
</ClinicalDocument>