﻿<?xml version="1.0" encoding="UTF-8"?>

<ClinicalDocument xmlns="urn:hl7-org:v3" xmlns:mif="urn:hl7-org:v3/mif" xmlns:xsi="http://www.w3.org/2001/XMLSchema-instance" xsi:schemaLocation="urn:hl7-org:v3 ..\sdschemas\CDA.xsd">
  <realmCode code="CN"/>
  <typeId extension="POCD_MT000040" root="2.16.840.1.113883.1.3"/>
  <templateId root="2.16.156.10011.2.1.1.62"/>
  <!-- 文档流水号 -->
  <id extension="${docInfo.docId}" root="2.16.156.10011.1.1"/>
  <code code="C0042" codeSystem="2.16.156.10011.2.4" codeSystemName="卫生信息共享文档规范编码体系"/>
  <title>转科记录</title>
  <!-- 文档机器生成时间 -->
  <effectiveTime value="${docInfo.effectiveTime}"/>
  <confidentialityCode code="N" codeSystem="2.16.840.1.113883.5.25" codeSystemName="Confidentiality" displayName="正常访问保密级别"/>
  <languageCode code="zh-CN"/>
  <setId/>
  <versionNumber/>
  <!--文档记录对象（患者） [1..*] contextControlCode="OP"表示本信息可以被重载-->
  <recordTarget contextControlCode="OP" typeCode="RCT">
    <patientRole classCode="PAT">
      <!--住院号标识-->
      <id extension="${transferenceRecord.inpNo!'NA'}" root="2.16.156.10011.1.12"/>
      <patient classCode="PSN" determinerCode="INSTANCE">
        <!--患者身份证号-->
        <id extension="<@privacy_tag value="${emrBasicpatient.identityNo!'NA'}" privacyId="1">${privacy}</@privacy_tag>" root="2.16.156.10011.1.3"/>
        <name><@privacy_tag value="${transferenceRecord.patientName!'NA'}" privacyId="2">${privacy}</@privacy_tag></name>
        <administrativeGenderCode code="${transferenceRecord.sexCode!'NA'}" codeSystem="2.16.156.10011.2.3.3.4" codeSystemName="生理性别代码表(GB/T 2261.1)" displayName="<@dict_tag value="${transferenceRecord.sexCode!'NA'}" datasetCloumn="SEX_CODE">${dict.desc}</@dict_tag>"/>
        <birthTime value="${emrBasicpatient.birthday!'NA'}"/>
        <!--1数据集里是年龄（年）、年龄（月）-->
        <#if transferenceRecord.ageYear??>
        <age unit="岁" value="${transferenceRecord.ageYear!'NA'}"/>
        <#else>
        <age unit="月" value="${transferenceRecord.patientMonth!'NA'}"/>
        </#if>
      </patient>
    </patientRole>
  </recordTarget>
  <!-- 文档创作者 -->
  <author contextControlCode="OP" typeCode="AUT">
    <time value="${transferenceRecord.overintoDatatime!'NA'}"/>
    <assignedAuthor classCode="ASSIGNED">
      <id extension="${transferenceRecord.overintoDeptSign!'NA'}" root="2.16.156.10011.1.7"/>
      <assignedPerson>
        <name>${transferenceRecord.overintoDeptSign!'NA'}</name>
      </assignedPerson>
    </assignedAuthor>
  </author>
  <!-- 保管机构 -->
  <custodian typeCode="CST">
    <assignedCustodian classCode="ASSIGNED">
      <representedCustodianOrganization classCode="ORG" determinerCode="INSTANCE">
        <id extension="${hospitalInfo.organCode!'NA'}" root="2.16.156.10011.1.5"/>
        <name>${hospitalInfo.organName!'NA'}</name>
      </representedCustodianOrganization>
    </assignedCustodian>
  </custodian>
  <!--转出医师签名-->
  <authenticator>
    <!--转出日期时间-->
    <time value="${transferenceRecord.transferDatatime!'NA'}"/>
    <signatureCode/>
    <assignedEntity>
      <id extension="${transferenceRecord.turnoutDoctorSign!'NA'}" root="2.16.156.10011.1.4"/>
      <code displayName="转出医师签名"/>
      <assignedPerson>
        <name>${transferenceRecord.turnoutDoctorSign!'NA'}</name>
      </assignedPerson>
    </assignedEntity>
  </authenticator>
  <!--转入医师签名-->
  <authenticator>
    <!--转入日期时间-->
    <time value="${transferenceRecord.overintoDatatime!'NA'}"/>
    <signatureCode/>
    <assignedEntity>
      <id extension="${transferenceRecord.overintoDeptSign!'NA'}" root="2.16.156.10011.1.4"/>
      <code displayName="转入医师签名"/>
      <assignedPerson>
        <name>${transferenceRecord.overintoDeptSign!'NA'}</name>
      </assignedPerson>
    </assignedEntity>
  </authenticator>
  <relatedDocument typeCode="RPLC">
    <parentDocument>
      <id/>
      <setId/>
      <versionNumber/>
    </parentDocument>
  </relatedDocument>
  <!-- 病床号、病房、病区、科室和医院的关联 -->
  <componentOf>
    <encompassingEncounter>
      <code displayName="入院日期时间"/>
      <!--入院日期时间-->
      <effectiveTime value="${transferenceRecord.inpDate!'NA'}"/>
      <location>
        <healthCareFacility>
          <serviceProviderOrganization>
            <asOrganizationPartOf classCode="PART">
              <!-- DE01.00.026.00病床号 -->
              <wholeOrganization classCode="ORG" determinerCode="INSTANCE">
                <id extension="${transferenceRecord.bedNo!'NA'}" root="2.16.156.10011.1.22"/>
                <name>${transferenceRecord.bedNo!'NA'}</name>
                <asOrganizationPartOf classCode="PART">
                  <!-- DE01.00.019.00病房号 -->
                  <wholeOrganization classCode="ORG" determinerCode="INSTANCE">
                    <id extension="${transferenceRecord.roomNo!'NA'}" root="2.16.156.10011.1.21"/>
                    <name>${transferenceRecord.roomNo!'NA'}</name>
                    <asOrganizationPartOf classCode="PART">
                      <!-- DE08.10.026.00科室名称 -->
                      <wholeOrganization classCode="ORG" determinerCode="INSTANCE">
                        <id extension="${transferenceRecord.deptName!'NA'}" root="2.16.156.10011.1.26"/>
                        <name>${transferenceRecord.deptName!'NA'}</name>
                        <asOrganizationPartOf classCode="PART">
                          <!-- DE08.10.054.00病区名称 -->
                          <wholeOrganization classCode="ORG" determinerCode="INSTANCE">
                            <id extension="${transferenceRecord.areaName!'NA'}" root="2.16.156.10011.1.27"/>
                            <name>${transferenceRecord.areaName!'NA'}</name>
                            <asOrganizationPartOf classCode="PART">
                              <!--医疗机构名称 -->
                              <wholeOrganization classCode="ORG" determinerCode="INSTANCE">
                                <id extension="${hospitalInfo.organCode!'NA'}" root="2.16.156.10011.1.5"/>
                                <name>${hospitalInfo.organName!'NA'}</name>
                              </wholeOrganization>
                            </asOrganizationPartOf>
                          </wholeOrganization>
                        </asOrganizationPartOf>
                      </wholeOrganization>
                    </asOrganizationPartOf>
                  </wholeOrganization>
                </asOrganizationPartOf>
              </wholeOrganization>
            </asOrganizationPartOf>
          </serviceProviderOrganization>
        </healthCareFacility>
      </location>
    </encompassingEncounter>
  </componentOf>
  <component>
    <structuredBody>
      <!--主诉章节-->
      <component>
        <section>
          <code code="10154-3" codeSystem="2.16.840.1.113883.6.1" codeSystemName="LOINC" displayName="CHIEF COMPLAINT"/>
          <text/>
          <!-- 主诉-->
          <entry contextConductionInd="true" typeCode="COMP">
            <observation classCode="OBS" moodCode="EVN">
              <code code="DE04.01.119.00" codeSystem="2.16.156.10011.2.2.1" codeSystemName="卫生信息数据元目录" displayName="主诉"/>
              <value xsi:type="ST">${transferenceRecord.chiefComplaint!'NA'}</value>
            </observation>
          </entry>
        </section>
      </component>
      <!--入院诊断章节-->
      <component>
        <section>
          <code code="46241-6" codeSystem="2.16.840.1.113883.6.1" codeSystemName="LOINC" displayName="HOSPITAL ADMISSION DX"/>
          <text/>
          <!--入院情况-->
          <entry>
            <observation classCode="OBS" moodCode="EVN ">
              <code code="DE05.10.148.00" codeSystem="2.16.156.10011.2.2.1" codeSystemName="卫生信息数据元目录" displayName="入院情况"/>
              <value xsi:type="ST">${transferenceRecord.inpSituation!'NA'}</value>
            </observation>
          </entry>
          <!--入院诊断-西医诊断编码-->
          <entry>
            <observation classCode="OBS" moodCode="EVN">
              <code code="DE05.01.024.00" codeSystem="2.16.156.10011.2.2.1" codeSystemName="卫生信息数据元目录" displayName="入院诊断-西医诊断编码"/>
              <value code="${transferenceRecord.inhosDiagWmDiagCode!'NA'}" codeSystem="2.16.156.10011.2.3.3.11" codeSystemName="ICD-10" displayName="<@dict_tag value="${transferenceRecord.inhosDiagWmDiagCode!'NA'}" datasetCloumn="INHOS_DIAG_WM_DIAG_CODE">${dict.desc}</@dict_tag>" xsi:type="CD"/>
            </observation>
          </entry>
          <#if transferenceRecord.inhosDiagCmSyndromeCode??>
          <!--入院诊断-中医病名代码-->
          <entry>
            <observation classCode="OBS" moodCode="EVN">
              <code code="DE05.10.130.00" codeSystem="2.16.156.10011.2.2.1" codeSystemName="卫生信息数据元目录" displayName="入院诊断-中医病名代码">
                <qualifier>
                  <name displayName="中医病名代码"/>
                </qualifier>
              </code>
              <value code="${transferenceRecord.inhosDiagCmDisCode!'NA'}" codeSystem="2.16.156.10011.2.3.3.14" codeSystemName="中医病证分类与代码表( GB/T 15657)" displayName="<@dict_tag value="${transferenceRecord.inhosDiagCmDisCode!'NA'}" datasetCloumn="INHOS_DIAG_CM_DIS_CODE">${dict.desc}</@dict_tag>" xsi:type="CD"/>
            </observation>
          </entry>
          </#if>
          <#if transferenceRecord.inhosDiagCmSyndromeCode??>
          <!--入院诊断-中医症候代码-->
          <entry>
            <observation classCode="OBS" moodCode="EVN">
              <code code="DE05.10.130.00" codeSystem="2.16.156.10011.2.2.1" codeSystemName="卫生信息数据元目录" displayName="入院诊断-中医症候代码">
                <qualifier>
                  <name displayName="中医症候名称"/>
                </qualifier>
              </code>
              <value code="${transferenceRecord.inhosDiagCmSyndromeCode!'NA'}" codeSystem="2.16.156.10011.2.3.3.14" codeSystemName="中医病证分类与代码表( GB/T 15657)" displayName="<@dict_tag value="${transferenceRecord.inhosDiagCmSyndromeCode!'NA'}" datasetCloumn="INHOS_DIAG_CM_SYNDROME_CODE">${dict.desc}</@dict_tag>" xsi:type="CD"/>
            </observation>
          </entry>
          </#if>
        </section>
      </component>
      <!--诊断记录章节-->
      <component>
        <section>
          <code code="29548-5" codeSystem="2.16.840.1.113883.6.1" codeSystemName="LOINC" displayName="Diagnosis"/>
          <text/>
          <!--条目:目前情况-->
          <entry>
            <observation classCode="OBS" moodCode="EVN ">
              <code code="DE06.00.184.00" codeSystem="2.16.156.10011.2.2.1" codeSystemName="卫生信息数据元目录" displayName="目前情况"/>
              <value xsi:type="ST">${transferenceRecord.currentlySituation!'NA'}</value>
            </observation>
          </entry>
          <!--目前诊断-->
          <entry>
            <observation classCode="OBS" moodCode="EVN">
              <code code="DE05.01.024.00" codeSystem="2.16.156.10011.2.2.1" codeSystemName="卫生信息数据元目录" displayName="目前诊断-西医诊断编码"/>
              <value code="${transferenceRecord.currentlyWmDiagcode!'NA'}" codeSystem="2.16.156.10011.2.3.3.11" codeSystemName="ICD-10" displayName="<@dict_tag value="${transferenceRecord.currentlyWmDiagcode!'NA'}" datasetCloumn="CURRENTLY_WM_DIAGCODE">${dict.desc}</@dict_tag>" xsi:type="CD"/>
            </observation>
          </entry>
          <#if transferenceRecord.transferTcmDiseasesCode??>
          <!--目前诊断-中医病名代码-->
          <entry>
            <observation classCode="OBS" moodCode="EVN">
              <code code="DE05.10.130.00" codeSystem="2.16.156.10011.2.2.1" codeSystemName="卫生信息数据元目录" displayName="目前诊断-中医病名代码">
                <qualifier>
                  <name displayName="中医病名代码"/>
                </qualifier>
              </code>
              <value code="${transferenceRecord.transferTcmDiseasesCode!'NA'}" codeSystem="2.16.156.10011.2.3.3.14" codeSystemName="中医病证分类与代码表( GB/T 15657)" displayName="<@dict_tag value="${transferenceRecord.transferTcmDiseasesCode!'NA'}" datasetCloumn="TRANSFER_TCM_DISEASES_CODE">${dict.desc}</@dict_tag>" xsi:type="CD"/>
            </observation>
          </entry>
          </#if>
          <#if transferenceRecord.transferTcmSyndromesCode??>
          <!--目前诊断-中医症候代码-->
          <entry>
            <observation classCode="OBS" moodCode="EVN">
              <code code="DE05.10.130.00" codeSystem="2.16.156.10011.2.2.1" codeSystemName="卫生信息数据元目录" displayName="目前诊断-中医症候代码">
                <qualifier>
                  <name displayName="中医症候代码"/>
                </qualifier>
              </code>
              <value code="${transferenceRecord.transferTcmSyndromesCode!'NA'}" codeSystem="2.16.156.10011.2.3.3.14" codeSystemName="中医病证分类与代码表( GB/T 15657)" displayName="<@dict_tag value="${transferenceRecord.transferTcmSyndromesCode!'NA'}" datasetCloumn="TRANSFER_TCM_SYNDROMES_CODE">${dict.desc}</@dict_tag>" xsi:type="CD"/>
            </observation>
          </entry>
          </#if>
          <!--中医“四诊”观察结果-->
          <entry>
            <observation classCode="OBS" moodCode="EVN ">
              <code code="DE02.10.028.00" codeSystem="2.16.156.10011.2.2.1" codeSystemName="卫生信息数据元目录" displayName="中医“四诊”观察结果"/>
              <value xsi:type="ST">${transferenceRecord.tcmFourResults!'NA'}</value>
            </observation>
          </entry>
        </section>
      </component>
      <!--计划章节 1..*-->
      <component>
        <section>
          <code code="18776-5" codeSystem="2.16.840.1.113883.6.1" codeSystemName="LOINC" displayName="TREATMENT PLAN"/>
          <text/>
          <!-- 转入诊疗计划 患者转入科室后的诊疗计划，具体的检查、中西医治疗措施及中医调护-->
          <entry>
            <observation classCode="OBS" moodCode="EVN">
              <code code="DE06.00.298.00" codeSystem="2.16.156.10011.2.2.1" codeSystemName="卫生信息数据元目录" displayName="转入诊疗计划"/>
              <value xsi:type="ST">${transferenceRecord.assessmentPlan!'NA'}</value>
            </observation>
          </entry>
          <!--治则治法-->
          <entry>
            <observation classCode="OBS" moodCode="EVN">
              <code code="DE06.00.300.00" codeSystem="2.16.156.10011.2.2.1" codeSystemName="卫生信息数据元目录" displayName="治则治法"/>
              <value xsi:type="ST">${transferenceRecord.therapeuticPrinciple!'NA'}</value>
            </observation>
          </entry>
          <!--注意事项-->
          <entry>
            <observation classCode="OBS" moodCode="EVN ">
              <code code="DE09.00.119.00" codeSystem="2.16.156.10011.2.2.1" codeSystemName="卫生信息数据元目录" displayName="注意事项"/>
              <value xsi:type="ST">${transferenceRecord.mattersNeedAttention!'NA'}</value>
            </observation>
          </entry>
        </section>
      </component>
      <!--转科记录章节-->
      <component>
        <section>
          <code displayName="转科记录"/>
          <text/>
          <!--转入记录-->
          <entry>
            <observation classCode="OBS " moodCode="EVN">
              <code code="DE06.00.314.00" codeSystem="2.16.156.10011.2.2.1" codeSystemName="卫生信息数据元目录" displayName="转科记录类型"/>
              <value code="${transferenceRecord.transferRcdType!'NA'}" codeSystem="2.16.156.10011.2.3.2.56" codeSystemName="转科记录类型代码表" displayName="<@dict_tag value="${transferenceRecord.transferRcdType!'NA'}" datasetCloumn="TRANSFER_RCD_TYPE">${dict.desc}</@dict_tag>" xsi:type="CD"/>
            </observation>
          </entry>
          <!--转出科室-->
          <entry>
            <observation classCode="OBS " moodCode="EVN ">
              <code code="DE08.10.026.00" codeSystem="2.16.156.10011.2.2.1" codeSystemName="卫生信息数据元目录" displayName="转出科室名称"/>
              <value xsi:type="ST">${transferenceRecord.turnoutDeptName!'NA'}</value>
            </observation>
          </entry>
          <!--转入科室-->
          <entry>
            <observation classCode="OBS " moodCode="EVN ">
              <code code="DE08.10.026.00" codeSystem="2.16.156.10011.2.2.1" codeSystemName="卫生信息数据元目录" displayName="转入科室名称"/>
              <value xsi:type="ST">${transferenceRecord.overintoDeptName!'NA'}</value>
            </observation>
          </entry>
          <!--转科目的-->
          <entry>
            <observation classCode="OBS" moodCode="EVN">
              <code code="DE06.00.315.00" displayName="转科目的" codeSystem="2.16.156.10011.2.2.1" codeSystemName="卫生信息数据元目录"/>
              <value xsi:type="ST">${transferenceRecord.transferPurpose!'NA'}</value>
            </observation>
          </entry>
        </section>
      </component>
      <!--用药章节-->
      <component>
        <section>
          <code code="10160-0" codeSystem="2.16.840.1.113883.6.1" codeSystemName="LOINC" displayName="HISTORY OF MEDICATION USE"/>
          <text/>
          <!--中药处方医嘱内容-->
          <entry>
            <observation classCode="OBS " moodCode="EVN ">
              <code code="DE06.00.287.00" codeSystem="2.16.156.10011.2.2.1" codeSystemName="卫生信息数据元目录" displayName="中药处方医嘱内容"/>
              <value xsi:type="ST">${transferenceRecord.adviceContent!'NA'}</value>
            </observation>
          </entry>
          <!--中药煎煮方法-->
          <entry>
            <observation classCode="OBS" moodCode="EVN ">
              <code code="DE08.50.047.00" codeSystem="2.16.156.10011.2.2.1" codeSystemName="卫生信息数据元目录" displayName="中药煎煮方法"/>
              <value xsi:type="ST">${transferenceRecord.chinDecocDecway!'NA'}</value>
            </observation>
          </entry>
          <!--中药用药方法-->
          <entry>
            <observation classCode="OBS" moodCode="EVN ">
              <code code="DE06.00.136.00" codeSystem="2.16.156.10011.2.2.1" codeSystemName="卫生信息数据元目录" displayName="中药用药方法"/>
              <value xsi:type="ST">${transferenceRecord.chinDrinkDecway!'NA'}</value>
            </observation>
          </entry>
        </section>
      </component>
      <!--住院过程章节-->
      <component>
        <section>
          <code code="8648-8" codeSystem="2.16.840.1.113883.6.1" codeSystemName="LOINC" displayName="Hospital Course"/>
          <text/>
          <!--诊疗过程描述-->
          <entry>
            <observation classCode="OBS" moodCode="EVN">
              <code code="DE06.00.296.00" codeSystem="2.16.156.10011.2.2.1" codeSystemName="卫生信息数据元目录" displayName="诊疗过程描述"/>
              <value xsi:type="ST">${transferenceRecord.diagDesc!'NA'}</value>
            </observation>
          </entry>
        </section>
      </component>
    </structuredBody>
  </component>
</ClinicalDocument>