﻿<?xml version="1.0" encoding="UTF-8"?>

<ClinicalDocument xmlns="urn:hl7-org:v3" xmlns:mif="urn:hl7-org:v3/mif" xmlns:xsi="http://www.w3.org/2001/XMLSchema-instance" xsi:schemaLocation="urn:hl7-org:v3 ..\sdschemas\CDA.xsd">
  <realmCode code="CN"/>
  <typeId extension="POCD_MT000040" root="2.16.840.1.113883.1.3"/>
  <templateId root="2.16.156.10011.2.1.1.23"/>
  <!-- 文档流水号 -->
  <id extension="${docInfo.docId}" root="2.16.156.10011.1.1"/>
  <code code="C0003" codeSystem="2.16.156.10011.2.4" codeSystemName="卫生信息共享文档规范编码体系"/>
  <title>急诊留观病历</title>
  <!-- 文档机器生成时间 -->
  <effectiveTime value="${docInfo.effectiveTime}"/>
  <confidentialityCode code="N" codeSystem="2.16.840.1.113883.5.25" codeSystemName="Confidentiality" displayName="正常访问保密级别"/>
  <languageCode code="zh-CN"/>
  <setId/>
  <versionNumber/>
  <recordTarget contextControlCode="OP" typeCode="RCT">
    <patientRole classCode="PAT">
      <!--门（急）诊号标识 -->
      <id extension="${emergencyMedicalRecords.outpNo!'NA'}" root="2.16.156.10011.1.11"/>
      <!--电子申请单编号-->
      <id extension="${emergencyMedicalRecords.applyNo!'NA'}" root="2.16.156.10011.1.24"/>
      <telecom value="${hospitalInfo.organNumber!'NA'}"/>
      <patient classCode="PSN" determinerCode="INSTANCE">
        <!--患者身份证号标识-->
        <id extension="${emrBasicpatient.identityNo!'NA'}" root="2.16.156.10011.1.3"/>
        <name>${emergencyMedicalRecords.patientName!'NA'}</name>
        <administrativeGenderCode code="${emergencyMedicalRecords.patientSex!'NA'}" codeSystemName="生理性别代码表(GB/T 2261.1)" codeSystem="2.16.156.10011.2.3.3.4" displayName="<@dict_tag value="${emergencyMedicalRecords.patientSex!'NA'}" datasetCloumn="PATIENT_SEX">${dict.desc}</@dict_tag>"/>
        <birthTime value="${emergencyMedicalRecords.patientBirthday!'NA'}"/>
        <#if emergencyMedicalRecords.ageYear??>
        <age unit="岁" value="${emergencyMedicalRecords.ageYear!'NA'}"/>
        <#else>
        <age unit="月" value="${emergencyMedicalRecords.patientMonth!'NA'}"/>
        </#if>
      </patient>
      <providerOrganization>
        <id root="2.16.156.10011.1.26"/>
        <name>${emergencyMedicalRecords.deptName!'NA'}</name>
        <asOrganizationPartOf>
          <wholeOrganization>
            <!-- 机构代码 -->
            <id extension="${emergencyMedicalRecords.organCode!'NA'}" root="2.16.156.10011.1.5"/>
            <name>${hospitalInfo.organName!'NA'}</name>
          </wholeOrganization>
        </asOrganizationPartOf>
      </providerOrganization>
    </patientRole>
  </recordTarget>
  <!--创建者-->
  <author contextControlCode="OP" typeCode="AUT">
    <!-- 记录日期时间 -->
    <time value="${emergencyMedicalRecords.createDatetime!'NA'}"/>
    <assignedAuthor classCode="ASSIGNED">
      <id extension="${emergencyMedicalRecords.adviceOpendoctorSign!'NA'}" root="2.16.156.10011.1.7"/>
      <!-- 就诊医师 -->
      <assignedPerson>
        <name>${emergencyMedicalRecords.adviceOpendoctorSign!'NA'}</name>
      </assignedPerson>
    </assignedAuthor>
  </author>
  <!-- 保管机构 -->
  <custodian typeCode="CST">
    <assignedCustodian classCode="ASSIGNED">
      <representedCustodianOrganization classCode="ORG" determinerCode="INSTANCE">
        <id extension="${emergencyMedicalRecords.organCode!'NA'}" root="2.16.156.10011.1.5"/>
        <name>${hospitalInfo.organName!'NA'}</name>
      </representedCustodianOrganization>
    </assignedCustodian>
  </custodian>
  <!-- 医师签名 -->
  <legalAuthenticator>
    <time/>
    <signatureCode/>
    <assignedEntity>
      <id extension="${emergencyMedicalRecords.adviceOpendoctorSign!'NA'}" root="2.16.156.10011.1.4"/>
      <code displayName="责任医生"/>
      <assignedPerson>
        <name>${emergencyMedicalRecords.adviceOpendoctorSign!'NA'}</name>
      </assignedPerson>
    </assignedEntity>
  </legalAuthenticator>
  <relatedDocument typeCode="RPLC">
    <parentDocument>
      <id/>
      <setId/>
      <versionNumber/>
    </parentDocument>
  </relatedDocument>
  <component>
    <structuredBody>
      <!-- 过敏史章节 -->
      <component>
        <section>
          <code code="48765-2" codeSystem="2.16.840.1.113883.6.1" codeSystemName="LOINC" displayName="Allergies, adverse reactions, alerts"/>
          <text/>
          <entry>
            <observation classCode="OBS" moodCode="EVN">
              <code code="DE02.10.023.00" codeSystem="2.16.156.10011.2.2.1" codeSystemName="卫生信息数据元目录" displayName="过敏史标志"/>
              <value value="${emergencyMedicalRecords.allergyHostoryFlag!'NA'}" xsi:type="BL"/>
              <entryRelationship typeCode="SUBJ">
                <observation classCode="OBS" moodCode="EVN">
                  <code code="DE05.01.022.00" codeSystem="2.16.156.10011.2.2.1" codeSystemName="卫生信息数据元目录" displayName="过敏史"/>
                  <value xsi:type="ST">${emergencyMedicalRecords.allergyHistory!'NA'}</value>
                </observation>
              </entryRelationship>
            </observation>
          </entry>
        </section>
      </component>
      <!-- 主诉章节 -->
      <component>
        <section>
          <code code="10154-3" codeSystem="2.16.840.1.113883.6.1" codeSystemName="LOINC" displayName="CHIEF COMPLAINT"/>
          <text/>
          <!--主诉条目-->
          <entry>
            <observation classCode="OBS" moodCode="EVN">
              <code code="DE04.01.119.00" codeSystem="2.16.156.10011.2.2.1" codeSystemName="卫生信息数据元目录" displayName="主诉"/>
              <value xsi:type="ST">${emergencyMedicalRecords.chiefComplaint!'NA'}</value>
            </observation>
          </entry>
        </section>
      </component>
      <!--现病史章节-->
      <component>
        <section>
          <code code="10164-2" codeSystem="2.16.840.1.113883.6.1" codeSystemName="LOINC" displayName="HISTORY OF PRESENT ILLNESS"/>
          <text/>
          <!--现病史条目-->
          <entry>
            <observation classCode="OBS" moodCode="EVN">
              <code code="DE02.10.071.00" codeSystem="2.16.156.10011.2.2.1" codeSystemName="卫生信息数据元目录" displayName="现病史"/>
              <value xsi:type="ST">${emergencyMedicalRecords.presentDiseaseHistory!'NA'}</value>
            </observation>
          </entry>
        </section>
      </component>
      <!-- 既往史章节 -->
      <component>
        <section>
          <code code="11348-0" codeSystem="2.16.840.1.113883.6.1" codeSystemName="LOINC" displayName="HISTORY OF PAST ILLNESS"/>
          <text/>
          <entry>
            <observation classCode="OBS" moodCode="EVN">
              <code code="DE02.10.099.00" codeSystem="2.16.156.10011.2.2.1" codeSystemName="卫生信息数据元目录" displayName="既往史"/>
              <value xsi:type="ST">${emergencyMedicalRecords.pastHistory!'NA'}</value>
            </observation>
          </entry>
        </section>
      </component>
      <!-- 体格检查章节 -->
      <component>
        <section>
          <code code="29545-1" codeSystem="2.16.840.1.113883.6.1" codeSystemName="LOINC" displayName="PHYSICAL EXAMINATION"/>
          <text/>
          <!--体格检查-一般状况检查结果-->
          <entry>
            <observation classCode="OBS" moodCode="EVN">
              <code code="DE04.10.258.00" codeSystem="2.16.156.10011.2.2.1" codeSystemName="卫生信息数据元目录" displayName="体格检查"/>
              <value xsi:type="ST">${emergencyMedicalRecords.physicalExamination!'NA'}</value>
            </observation>
          </entry>
        </section>
      </component>
      <!-- 实验室检验章节 -->
      <component>
        <section>
          <code code="30954-2" codeSystem="2.16.840.1.113883.6.1" codeSystemName="LOINC" displayName="STUDIES SUMMARY"/>
          <text/>
          <entry>
            <observation classCode="OBS" moodCode="EVN">
              <code code="DE04.30.010.00" codeSystem="2.16.156.10011.2.2.1" codeSystemName="卫生信息数据元目录" displayName="辅助检查项目"/>
              <value xsi:type="ST">${emergencyMedicalRecords.auxiliaryexamiItem!'NA'}</value>
            </observation>
          </entry>
          <entry>
            <observation classCode="OBS" moodCode="EVN">
              <code code="DE04.30.009.00" codeSystem="2.16.156.10011.2.2.1" codeSystemName="卫生信息数据元目录" displayName="辅助检查结果"/>
              <value xsi:type="ST">${emergencyMedicalRecords.auxiliaryexamiResult!'NA'}</value>
            </observation>
          </entry>
        </section>
      </component>
      <!-- 诊断记录章节 -->
      <component>
        <section>
          <code code="29548-5" codeSystem="2.16.840.1.113883.6.1" codeSystemName="LOINC" displayName="Diagnosis"/>
          <text/>
          <!--初诊标志代码-->
          <entry>
            <observation classCode="OBS" moodCode="EVN">
              <code code="DE06.00.196.00" codeSystem="2.16.156.10011.2.2.1" codeSystemName="卫生信息数据元目录" displayName="初诊标志代码"/>
              <value xsi:type="CD" code="${emergencyMedicalRecords.newlyDiagnosedCode!'NA'}" codeSystemName="初诊标志代码表" codeSystem="2.16.156.10011.2.3.2.39" displayName="<@dict_tag value="${emergencyMedicalRecords.newlyDiagnosedCode!'NA'}" datasetCloumn="NEWLY_DIAGNOSED_CODE">${dict.desc}</@dict_tag>"/>
            </observation>
          </entry>
          <!--就诊日期时间-->
          <entry>
            <observation classCode="OBS" moodCode="EVN">
              <code code="DE06.00.062.00" codeSystem="2.16.156.10011.2.2.1" codeSystemName="卫生信息数据元目录" displayName="就诊日期时间"/>
              <value xsi:type="TS" value="${emergencyMedicalRecords.visitDatetime!'NA'}"/>
            </observation>
          </entry>
          <!--收入观察室日期时间-->
          <entry>
            <observation classCode="OBS" moodCode="EVN">
              <code code="DE06.00.235.00" codeSystem="2.16.156.10011.2.2.1" codeSystemName="卫生信息数据元目录" displayName="收入观察室日期时间"/>
              <value xsi:type="TS" value="${emergencyMedicalRecords.inObservationDatetime!'NA'}"/>
            </observation>
          </entry>
          <!--中医“四诊”观察结果-->
          <entry>
            <observation classCode="OBS" moodCode="EVN">
              <code code="DE05.01.028.00" codeSystem="2.16.156.10011.2.2.1" codeSystemName="卫生信息数据元目录" displayName="中医“四诊”观察结果"/>
              <value xsi:type="ST">${emergencyMedicalRecords.tcmFourObservations!'NA'}</value>
            </observation>
          </entry>
          <!--条目：诊断-->
          <entry>
            <organizer classCode="CLUSTER" moodCode="EVN">
              <statusCode/>
              <component>
                <observation classCode="OBS" moodCode="EVN">
                  <code code="DE05.01.025.00" displayName="诊断名称" codeSystem="2.16.156.10011.2.2.1" codeSystemName="卫生信息数据元目录"/>
                  <value xsi:type="ST">${emergencyMedicalRecords.inhosDiagWmDiagName!'NA'}</value>
                </observation>
              </component>
              <component>
                <observation classCode="OBS" moodCode="EVN">
                  <code code="DE05.01.024.00" displayName="诊断代码" codeSystem="2.16.156.10011.2.2.1" codeSystemName="卫生信息数据元目录"/>
                  <value code="${emergencyMedicalRecords.emergencyPdWmDisCode!'NA'}" displayName="<@dict_tag value="${emergencyMedicalRecords.emergencyPdWmDisCode!'NA'}" datasetCloumn="EMERGENCY_PD_WM_DIS_CODE">${dict.desc}</@dict_tag>" codeSystem="2.16.156.10011.2.3.3.11" codeSystemName="ICD-10" xsi:type="CD"/>
                </observation>
              </component>
            </organizer>
          </entry>
          <entry>
            <observation classCode="OBS" moodCode="EVN">
              <code code="DE05.10.130.00" codeSystem="2.16.156.10011.2.2.1" codeSystemName="卫生信息数据元目录" displayName="中医病名代码">
                <qualifier>
                  <name displayName="中医病名代码"/>
                </qualifier>
              </code>
              <value code="${emergencyMedicalRecords.diseasesCode!'NA'}" codeSystem="2.16.156.10011.2.3.3.14" codeSystemName="中医病证分类与代码表( GB/T 15657)" xsi:type="CD" displayName="<@dict_tag value="${emergencyMedicalRecords.diseasesCode!'NA'}" datasetCloumn="DISEASES_CODE">${dict.desc}</@dict_tag>"/>
            </observation>
          </entry>
          <entry>
            <observation classCode="OBS" moodCode="EVN">
              <code code="DE05.10.172.00" codeSystem="2.16.156.10011.2.2.1" codeSystemName="卫生信息数据元目录" displayName="中医病名名称">
                <qualifier>
                  <name displayName="中医病名名称"/>
                </qualifier>
              </code>
              <value xsi:type="ST">${emergencyMedicalRecords.inhosDiagCmDisName!'NA'}</value>
            </observation>
          </entry>
          <entry>
            <observation classCode="OBS" moodCode="EVN">
              <code code="DE05.10.130.00" codeSystem="2.16.156.10011.2.2.1" codeSystemName="卫生信息数据元目录" displayName="中医证候代码">
                <qualifier>
                  <name displayName="中医证候代码"/>
                </qualifier>
              </code>
              <value code="${emergencyMedicalRecords.syndromesCode!'NA'}" codeSystem="2.16.156.10011.2.3.3.14" codeSystemName="中医病证分类与代码表( GB/T 15657)" xsi:type="CD" displayName="<@dict_tag value="${emergencyMedicalRecords.syndromesCode!'NA'}" datasetCloumn="SYNDROMES_CODE">${dict.desc}</@dict_tag>"/>
            </observation>
          </entry>
          <entry>
            <observation classCode="OBS" moodCode="EVN">
              <code code="DE05.10.172.00" codeSystem="2.16.156.10011.2.2.1" codeSystemName="卫生信息数据元目录" displayName="中医证候名称">
                <qualifier>
                  <name displayName="中医证候名称"/>
                </qualifier>
              </code>
              <value xsi:type="ST">${emergencyMedicalRecords.inhosDiagCmSyndromeName!'NA'}</value>
            </observation>
          </entry>
        </section>
      </component>
      <!-- 治疗计划章节 -->
      <component>
        <section>
          <code code="18776-5" codeSystem="2.16.840.1.113883.6.1" codeSystemName="LOINC" displayName="TREATMENT PLAN"/>
          <text/>
          <!-- 辨证依据 -->
          <entry>
            <observation classCode="OBS" moodCode="EVN">
              <code code="DE05.10.132.00" codeSystem="2.16.156.10011.2.2.1" codeSystemName="卫生信息数据元目录" displayName="辨证依据"/>
              <text>${emergencyMedicalRecords.dialecticalAccrod!'NA'}</text>
            </observation>
          </entry>
          <!-- 治则治法 -->
          <entry>
            <observation classCode="OBS" moodCode="EVN">
              <code code="DE06.00.300.00" codeSystem="2.16.156.10011.2.2.1" codeSystemName="卫生信息数据元目录" displayName="治则治法"/>
              <value code="${emergencyMedicalRecords.therapeuticPrinciple!'NA'}" codeSystem="2.16.156.10011.2.3.3.15" codeSystemName="治则治法代码表(GB/T16751.3-1997)" xsi:type="CD" displayName="<@dict_tag value="${emergencyMedicalRecords.therapeuticPrinciple!'NA'}" datasetCloumn="THERAPEUTIC_PRINCIPLE">${dict.desc}</@dict_tag>"/>
            </observation>
          </entry>
        </section>
      </component>
      <!--医嘱章节-->
      <component>
        <section>
          <code code="46209-3" codeSystem="2.16.840.1.113883.6.1" codeSystemName="LOINC" displayName="Provider Orders"/>
          <title/>
          <entry>
            <organizer classCode="CLUSTER" moodCode="EVN">
              <statusCode/>
              <component>
                <observation classCode="OBS" moodCode="EVN">
                  <code code="DE06.00.289.00" codeSystem="2.16.156.10011.2.2.1" codeSystemName="卫生信息数据元目录" displayName="医嘱项目类型"/>
                  <value code="${emergencyMedicalRecords.orderItemTypeCode!'NA'}" codeSystem="2.16.156.10011.2.3.1.268" codeSystemName="医嘱项目类型代码表" displayName="<@dict_tag value="${emergencyMedicalRecords.orderItemTypeCode!'NA'}" datasetCloumn="ORDER_ITEM_TYPE_CODE">${dict.desc}</@dict_tag>" xsi:type="CD"/>
                </observation>
              </component>
              <component>
                <observation classCode="OBS" moodCode="EVN">
                  <code code="DE06.00.288.00" codeSystem="2.16.156.10011.2.2.1" codeSystemName="卫生信息数据元目录" displayName="医嘱项目内容"/>
                  <effectiveTime>
                    <!--医嘱计划开始日期时间-->
                    <low value="${emergencyMedicalRecords.adviceOpenDatetime!'NA'}"/>
                    <!--医嘱计划结束日期时间-->
                    <high value="${emergencyMedicalRecords.cancelAdviceDatetime!'NA'}"/>
                  </effectiveTime>
                  <!--医嘱计划信息-->
                  <value xsi:type="ST">${emergencyMedicalRecords.adviceItemContent!'NA'}</value>
                  <!--执行者-->
                  <performer>
                    <!--医嘱执行日期时间：DE06.00.222.00-->
                    <time value="${emergencyMedicalRecords.adviceExecDatetime!'NA'}"/>
                    <assignedEntity>
                      <id extension="${emergencyMedicalRecords.execPersonSign!'NA'}" root="2.16.156.10011.1.4"/>
                      <code/>
                      <!--医嘱执行者签名：DE02.01.039.00-->
                      <assignedPerson>
                        <name>${emergencyMedicalRecords.execPersonSign!'NA'}</name>
                      </assignedPerson>
                      <!--医嘱执行科室：DE08.10.026.00-->
                      <representedOrganization>
                        <name>${emergencyMedicalRecords.execDeptName!'NA'}</name>
                      </representedOrganization>
                    </assignedEntity>
                  </performer>
                  <!--作者：医嘱开立者-->
                  <author>
                    <!--医嘱开立日期时间：DE06.00.220.00-->
                    <time value="${emergencyMedicalRecords.adviceOpenDatetime!'NA'}"/>
                    <assignedAuthor>
                      <id extension="${emergencyMedicalRecords.adviceOpendoctorSign!'NA'}" root="2.16.156.10011.1.4"/>
                      <!--医嘱开立者签名：DE02.01.039.00-->
                      <assignedPerson>
                        <name>${emergencyMedicalRecords.adviceOpendoctorSign!'NA'}</name>
                      </assignedPerson>
                      <!--医嘱开立科室：DE08.10.026.00-->
                      <representedOrganization>
                        <name>${emergencyMedicalRecords.adviceOpendeptName!'NA'}</name>
                      </representedOrganization>
                    </assignedAuthor>
                  </author>
                  <!--医嘱审核-->
                  <participant typeCode="ATND">
                    <!--医嘱审核日期时间：DE09.00.088.00-->
                    <time value="${emergencyMedicalRecords.checkAdviceDatetime!'NA'}"/>
                    <participantRole classCode="ASSIGNED">
                      <id extension="${emergencyMedicalRecords.checkPersonSign!'NA'}" root="2.16.156.10011.1.4"/>
                      <!--角色-->
                      <code displayName="医嘱审核人"/>
                      <!--医嘱审核人签名：DE02.01.039.00-->
                      <playingEntity classCode="PSN" determinerCode="INSTANCE">
                        <name>${emergencyMedicalRecords.checkPersonSign!'NA'}</name>
                      </playingEntity>
                    </participantRole>
                  </participant>
                  <!--医嘱取消-->
                  <participant typeCode="ATND">
                    <!--医嘱取消日期时间：DE06.00.234.00-->
                    <time value="${emergencyMedicalRecords.cancelAdviceDatetime!'NA'}"/>
                    <participantRole classCode="ASSIGNED">
                      <id extension="${emergencyMedicalRecords.cancelPersonSign!'NA'}" root="2.16.156.10011.1.4"/>
                      <!--角色-->
                      <code displayName="医嘱取消人"/>
                      <!--取消医嘱者签名：DE02.01.039.00-->
                      <playingEntity classCode="PSN" determinerCode="INSTANCE">
                        <name>${emergencyMedicalRecords.cancelPersonSign!'NA'}</name>
                      </playingEntity>
                    </participantRole>
                  </participant>
                  <!--医嘱备注信息-->
                  <entryRelationship typeCode="COMP">
                    <observation classCode="OBS" moodCode="EVN">
                      <code code="DE06.00.179.00" codeSystem="2.16.156.10011.2.2.1" codeSystemName="卫生信息数据元目录" displayName="医嘱备注信息"/>
                      <value xsi:type="ST">${emergencyMedicalRecords.adviceRemark!'NA'}</value>
                    </observation>
                  </entryRelationship>
                  <!--医嘱执行状态-->
                  <entryRelationship typeCode="COMP">
                    <observation classCode="OBS" moodCode="EVN">
                      <code code="DE06.00.290.00" codeSystem="2.16.156.10011.2.2.1" codeSystemName="卫生信息数据元目录" displayName="医嘱执行状态"/>
                      <value xsi:type="ST">${emergencyMedicalRecords.adviceExecStatus!'NA'}</value>
                    </observation>
                  </entryRelationship>
                </observation>
              </component>
            </organizer>
          </entry>
        </section>
      </component>
      <#if emergencyMedicalRecords.opertorCode??>
      <!-- 手术操作章节 -->
      <component>
        <section>
          <code code="47519-4" codeSystem="2.16.840.1.113883.6.1" codeSystemName="LOINC" displayName="HISTORY OF PROCEDURES"/>
          <text/>
          <entry>
            <!-- 1..1 手术记录 -->
            <procedure classCode="PROC" moodCode="EVN">
              <code code="${emergencyMedicalRecords.operationCode!'NA'}" codeSystem="2.16.156.10011.2.3.3.12" codeSystemName="手术(操作)代码表(ICD-9-CM)" displayName="<@dict_tag value="${emergencyMedicalRecords.operationCode!'NA'}" datasetCloumn="OPERATION_CODE">${dict.desc}</@dict_tag>"/>
              <statusCode/>
              <!-- 手术(操作)名称 -->
              <entryRelationship typeCode="COMP">
                <observation classCode="OBS" moodCode="EVN">
                  <code code="DE06.00.094.00" codeSystem="2.16.156.10011.2.2.1" codeSystemName="卫生信息数据元目录" displayName="手术(操作)名称"/>
                  <value xsi:type="ST">${emergencyMedicalRecords.operationName!'NA'}</value>
                </observation>
              </entryRelationship>
              <!-- 手术及操作目标部位名称 -->
              <entryRelationship typeCode="COMP">
                <observation classCode="OBS" moodCode="EVN">
                  <code code="DE06.00.093.00" codeSystem="2.16.156.10011.2.2.1" codeSystemName="卫生信息数据元目录" displayName="手术及操作目标部位名称"/>
                  <value xsi:type="ST">${emergencyMedicalRecords.opertationTargetName!'NA'}</value>
                </observation>
              </entryRelationship>
              <!-- 介入物名称 -->
              <entryRelationship typeCode="COMP">
                <observation classCode="OBS" moodCode="EVN">
                  <code code="DE08.50.037.00" codeSystem="2.16.156.10011.2.2.1" codeSystemName="卫生信息数据元目录" displayName="介入物名称"/>
                  <value xsi:type="ST">${emergencyMedicalRecords.interName!'NA'}</value>
                </observation>
              </entryRelationship>
              <!-- 操作方法描述 -->
              <entryRelationship typeCode="COMP">
                <observation classCode="OBS" moodCode="EVN">
                  <code code="DE06.00.251.00" codeSystem="2.16.156.10011.2.2.1" codeSystemName="卫生信息数据元目录" displayName="操作方法描述"/>
                  <value xsi:type="ST">${emergencyMedicalRecords.operation!'NA'}</value>
                </observation>
              </entryRelationship>
              <!-- 操作次数 -->
              <entryRelationship typeCode="COMP">
                <observation classCode="OBS" moodCode="EVN">
                  <code code="DE06.00.250.00" codeSystem="2.16.156.10011.2.2.1" codeSystemName="卫生信息数据元目录" displayName="操作次数"/>
                  <value xsi:type="ST">${emergencyMedicalRecords.operationTimes!'NA'}</value>
                </observation>
              </entryRelationship>
            </procedure>
          </entry>
        </section>
      </component>
      </#if>
      <!-- 抢救记录章节 -->
      <component>
        <section>
          <code displayName="抢救记录章节"/>
          <text/>
          <!-- 急诊抢救记录 抢救开始日期时间 抢救结束日期时间 急诊抢救记录 -->
          <entry typeCode="COMP">
            <observation classCode="OBS" moodCode="EVN">
              <code code="DE06.00.181.00" codeSystem="2.16.156.10011.2.2.1" codeSystemName="卫生信息数据元目录" displayName="急诊抢救记录"/>
              <effectiveTime>
                <#if emergencyMedicalRecords.rescueBeginDatetime??>
                <low value="${emergencyMedicalRecords.rescueBeginDatetime!'NA'}"/>
                </#if>
                <#if emergencyMedicalRecords.rescueEndDatetime??>
                <high value="${emergencyMedicalRecords.rescueEndDatetime!'NA'}"/>
                </#if>
              </effectiveTime>
              <value xsi:type="ST">${emergencyMedicalRecords.emergencyRescueRecord!'NA'}</value>
              <entryRelationship typeCode="COMP">
                <organizer classCode="CLUSTER" moodCode="EVN">
                  <statusCode/>
                  <!-- 参加抢救人员名单 -->
                  <component>
                    <observation classCode="OBS" moodCode="EVN">
                      <code code="DE08.30.032.00" codeSystem="2.16.156.10011.2.2.1" codeSystemName="卫生信息数据元目录" displayName="参加抢救人员名单"/>
                      <value xsi:type="ST">${emergencyMedicalRecords.rescuePersonnelList!'NA'}</value>
                    </observation>
                  </component>
                  <!-- 专业技术职务类别代码 -->
                  <component>
                    <observation classCode="OBS" moodCode="EVN">
                      <code code="DE08.30.031.00" codeSystem="2.16.156.10011.2.2.1" codeSystemName="卫生信息数据元目录" displayName="专业技术职务类别代码"/>
                      <value code="${emergencyMedicalRecords.professionalCatagoryCode!'NA'}" codeSystem="2.16.156.10011.2.3.1.209" codeSystemName="专业技术职务类别代码表" xsi:type="CD" displayName="<@dict_tag value="${emergencyMedicalRecords.professionalCatagoryCode!'NA'}" datasetCloumn="PROFESSIONAL_CATAGORY_CODE">${dict.desc}</@dict_tag>"/>
                    </observation>
                  </component>
                </organizer>
              </entryRelationship>
            </observation>
          </entry>
        </section>
      </component>
      <!-- 住院过程章节 -->
      <component>
        <section>
          <code code="8648-8" codeSystem="2.16.840.1.113883.6.1" codeSystemName="LOINC" displayName="Hospital Course"/>
          <text/>
          <!-- 急诊留观病程记录 -->
          <entry typeCode="COMP">
            <observation classCode="OBS" moodCode="EVN">
              <code code="DE06.00.181.00" codeSystem="2.16.156.10011.2.2.1" codeSystemName="卫生信息数据元目录" displayName="急诊留观病程记录"/>
              <!-- 收入观察室日期时间 -->
              <effectiveTime value="${emergencyMedicalRecords.inObservationDatetime!'NA'}"/>
              <value xsi:type="ST">${emergencyMedicalRecords.emergencyObservationCourse!'NA'}</value>
            </observation>
          </entry>
        </section>
      </component>
      <!-- 其他相关信息章节 -->
      <component>
        <section>
          <code displayName="其他相关信息"/>
          <text/>
          <!-- 注意事项 -->
          <entry typeCode="COMP">
            <observation classCode="OBS" moodCode="EVN">
              <code code="DE09.00.119.00" codeSystem="2.16.156.10011.2.2.1" codeSystemName="卫生信息数据元目录" displayName="注意事项"/>
              <value xsi:type="ST">${emergencyMedicalRecords.mattersNeedingAttention!'NA'}</value>
            </observation>
          </entry>
          <!-- 患者去向代码 -->
          <entry typeCode="COMP">
            <observation classCode="OBS" moodCode="EVN">
              <code code="DE06.00.185.00" codeSystem="2.16.156.10011.2.2.1" codeSystemName="卫生信息数据元目录" displayName="患者去向代码"/>
              <value xsi:type="ST"/>
            </observation>
          </entry>
        </section>
      </component>
    </structuredBody>
  </component>
</ClinicalDocument>