﻿<?xml version="1.0" encoding="UTF-8"?>

<ClinicalDocument xmlns="urn:hl7-org:v3" xmlns:mif="urn:hl7-org:v3/mif" xmlns:xsi="http://www.w3.org/2001/XMLSchema-instance" xsi:schemaLocation="urn:hl7-org:v3 ..\sdschemas\CDA.xsd">
  <realmCode code="CN"/>
  <typeId extension="POCD_MT000040" root="2.16.840.1.113883.1.3"/>
  <templateId root="2.16.156.10011.2.1.1.31"/>
  <!-- 文档流水号 -->
  <id extension="${docInfo.docId}" root="2.16.156.10011.1.1"/>
  <code code="C0011" codeSystem="2.16.156.10011.2.4" codeSystemName="卫生信息共享文档规范编码体系"/>
  <title>麻醉记录</title>
  <!-- 文档机器生成时间 -->
  <effectiveTime value="${docInfo.effectiveTime}"/>
  <confidentialityCode code="N" codeSystem="2.16.840.1.113883.5.25" codeSystemName="Confidentiality" displayName="正常访问保密级别"/>
  <languageCode code="zh-CN"/>
  <setId/>
  <versionNumber/>
  <!--文档记录对象（患者） [1..*] contextControlCode="OP"表示本信息可以被重载-->
  <recordTarget contextControlCode="OP" typeCode="RCT">
    <patientRole classCode="PAT">
      <!--门诊号标识-->
      <id extension="${anesthesiaRecords.outpNo!'NA'}" root="2.16.156.10011.1.11"/>
      <!--住院号标识-->
      <id extension="${anesthesiaRecords.inpNo!'NA'}" root="2.16.156.10011.1.12"/>
      <!--电子申请单编号-->
      <id extension="${anesthesiaRecords.electronicApplyNo!'NA'}" root="2.16.156.10011.1.24"/>
      <patient classCode="PSN" determinerCode="INSTANCE">
        <!--患者身份证号标识-->
        <id extension="${emrBasicpatient.identityNo!'NA'}" root="2.16.156.10011.1.3"/>
        <name>${anesthesiaRecords.patientName!'NA'}</name>
        <administrativeGenderCode code="${anesthesiaRecords.patientSex!'NA'}" codeSystem="2.16.156.10011.2.3.3.4" codeSystemName="生理性别代码表(GB/T 2261.1)" displayName="<@dict_tag value="${anesthesiaRecords.patientSex!'NA'}" datasetCloumn="PATIENT_SEX">${dict.desc}</@dict_tag>"/>
        <!-- 年龄 -->
        <#if anesthesiaRecords.ageYear??>
        <age unit="岁" value="${anesthesiaRecords.ageYear!'NA'}"/>
        <#else>
        <age unit="月" value="${anesthesiaRecords.patientMonth!'NA'}"/>
        </#if>
      </patient>
    </patientRole>
  </recordTarget>
  <!-- 文档创作者 -->
  <author contextControlCode="OP" typeCode="AUT">
    <time value="${anesthesiaRecords.signDatetime!'NA'}"/>
    <assignedAuthor classCode="ASSIGNED">
      <id extension="${anesthesiaRecords.anesthesiaDoctorSign!'NA'}" root="2.16.156.10011.1.7"/>
      <assignedPerson>
        <name>${anesthesiaRecords.anesthesiaDoctorSign!'NA'}</name>
      </assignedPerson>
    </assignedAuthor>
  </author>
  <!-- 保管机构 -->
  <custodian typeCode="CST">
    <assignedCustodian classCode="ASSIGNED">
      <representedCustodianOrganization classCode="ORG" determinerCode="INSTANCE">
        <id extension="${hospitalInfo.organCode!'NA'}" root="2.16.156.10011.1.5"/>
        <name>${hospitalInfo.organName!'NA'}</name>
      </representedCustodianOrganization>
    </assignedCustodian>
  </custodian>
  <!--麻醉医师签名-->
  <authenticator>
    <!--签名日期时间-->
    <time value="${anesthesiaRecords.signDatetime!'NA'}"/>
    <signatureCode/>
    <assignedEntity>
      <id extension="${anesthesiaRecords.anesthesiaDoctorSign!'NA'}" root="2.16.156.10011.1.4"/>
      <code displayName="麻醉医师"/>
      <assignedPerson>
        <name>${anesthesiaRecords.anesthesiaDoctorSign!'NA'}</name>
      </assignedPerson>
    </assignedEntity>
  </authenticator>
  <relatedDocument typeCode="RPLC">
    <parentDocument>
      <id/>
      <setId/>
      <versionNumber/>
    </parentDocument>
  </relatedDocument>
  <!-- 病床号、病房、病区、科室和医院的关联 -->
  <componentOf>
    <encompassingEncounter>
      <!-- 入院日期时间 -->
      <effectiveTime value="${anesthesiaRecords.operationBeginDatetime!'NA'}"/>
      <location>
        <healthCareFacility>
          <serviceProviderOrganization>
            <asOrganizationPartOf classCode="PART">
              <!-- DE01.00.026.00病床号 -->
              <wholeOrganization classCode="ORG" determinerCode="INSTANCE">
                <id extension="${anesthesiaRecords.bedNo!'NA'}" root="2.16.156.10011.1.22"/>
                <name>${anesthesiaRecords.bedNo!'NA'}</name>
                <!-- DE01.00.019.00病房号 -->
                <asOrganizationPartOf classCode="PART">
                  <wholeOrganization classCode="ORG" determinerCode="INSTANCE">
                    <id extension="${anesthesiaRecords.areaNo!'NA'}" root="2.16.156.10011.1.21"/>
                    <name>${anesthesiaRecords.areaNo!'NA'}</name>
                    <!-- DE08.10.026.00科室名称 -->
                    <asOrganizationPartOf classCode="PART">
                      <wholeOrganization classCode="ORG" determinerCode="INSTANCE">
                        <id extension="${anesthesiaRecords.deptName!'NA'}" root="2.16.156.10011.1.26"/>
                        <name>${anesthesiaRecords.deptName!'NA'}</name>
                        <!-- DE08.10.054.00病区名称 -->
                        <asOrganizationPartOf classCode="PART">
                          <wholeOrganization classCode="ORG" determinerCode="INSTANCE">
                            <id extension="${anesthesiaRecords.areaName!'NA'}" root="2.16.156.10011.1.27"/>
                            <name>${anesthesiaRecords.areaName!'NA'}</name>
                            <!--医疗机构名称 -->
                            <asOrganizationPartOf classCode="PART">
                              <wholeOrganization classCode="ORG" determinerCode="INSTANCE">
                                <id extension="${hospitalInfo.organCode!'NA'}" root="2.16.156.10011.1.5"/>
                                <name>${hospitalInfo.organName!'NA'}</name>
                              </wholeOrganization>
                            </asOrganizationPartOf>
                          </wholeOrganization>
                        </asOrganizationPartOf>
                      </wholeOrganization>
                    </asOrganizationPartOf>
                  </wholeOrganization>
                </asOrganizationPartOf>
              </wholeOrganization>
            </asOrganizationPartOf>
          </serviceProviderOrganization>
        </healthCareFacility>
      </location>
    </encompassingEncounter>
  </componentOf>
  <component>
    <structuredBody>
      <!--实验室检查章节 -->
      <component>
        <section>
          <code code="30954-2" codeSystem="2.16.840.1.113883.6.1" codeSystemName="LOINC" displayName="STUDIES SUMMARY"/>
          <text/>
          <entry>
            <!-- 血型-->
            <organizer classCode="BATTERY" moodCode="EVN">
              <statusCode/>
              <component contextConductionInd="true" typeCode="COMP">
                <!-- ABO血型 -->
                <observation classCode="OBS" moodCode="EVN">
                  <code code="DE04.50.001.00" codeSystem="2.16.156.10011.2.2.1" codeSystemName="卫生信息数据元目录" displayName="ABO血型代码"/>
                  <value code="${anesthesiaRecords.aboBlood!'NA'}" codeSystem="2.16.156.10011.2.3.1.85" codeSystemName="ABO血型代码表" displayName="<@dict_tag value="${anesthesiaRecords.aboBlood!'NA'}" datasetCloumn="ABO_BLOOD">${dict.desc}</@dict_tag>" xsi:type="CD"/>
                </observation>
              </component>
              <component contextConductionInd="true" typeCode="COMP">
                <!-- Rh血型 -->
                <observation classCode="OBS" moodCode="EVN">
                  <code code="DE04.50.010.00" codeSystem="2.16.156.10011.2.2.1" codeSystemName="卫生信息数据元目录" displayName="Rh（D）血型代码"/>
                  <value code="${anesthesiaRecords.rhBloodCode!'NA'}" codeSystem="2.16.156.10011.2.3.1.250" codeSystemName="Rh(D)血型代码表" displayName="<@dict_tag value="${anesthesiaRecords.rhBloodCode!'NA'}" datasetCloumn="RH_BLOOD_CODE">${dict.desc}</@dict_tag>" xsi:type="CD"/>
                </observation>
              </component>
            </organizer>
          </entry>
        </section>
      </component>
      <!-- 术前诊断章节 -->
      <component>
        <section>
          <code code="10219-4" codeSystem="2.16.840.1.113883.6.1" codeSystemName="LOINC" displayName="Surgical operation note preoperative Dx"/>
          <text/>
          <#if anesthesiaRecords.preoperationDiagCode??>
          <!--术前诊断-->
          <entry>
            <observation classCode="OBS" moodCode="EVN">
              <!--术前诊断编码-->
              <code code="DE05.01.024.00" codeSystem="2.16.156.10011.2.2.1" codeSystemName="卫生信息数据元目录" displayName="术前诊断编码"/>
              <value code="${anesthesiaRecords.preoperationDiagCode!'NA'}" codeSystem="2.16.156.10011.2.3.3.11" codeSystemName="ICD-10" displayName="<@dict_tag value="${anesthesiaRecords.preoperationDiagCode!'NA'}" datasetCloumn="PREOPERATION_DIAG_CODE">${dict.desc}</@dict_tag>" xsi:type="CD"/>
            </observation>
          </entry>
          </#if>
        </section>
      </component>
      <!-- 术后诊断章节 -->
      <component>
        <section>
          <code code="10218-6" codeSystem="2.16.840.1.113883.6.1" codeSystemName="LOINC" displayName="Surgical operation note postoperative Dx"/>
          <text/>
          <#if anesthesiaRecords.afteroperationDiagIcd??>
          <!--术后诊断-->
          <entry>
            <observation classCode="OBS" moodCode="EVN">
              <!--术后诊断编码-->
              <code code="DE05.01.024.00" codeSystem="2.16.156.10011.2.2.1" codeSystemName="卫生信息数据元目录" displayName="术后诊断编码"/>
              <value code="${anesthesiaRecords.afteroperationDiagIcd!'NA'}" codeSystem="2.16.156.10011.2.3.3.11" codeSystemName="ICD-10" displayName="<@dict_tag value="${anesthesiaRecords.afteroperationDiagIcd!'NA'}" datasetCloumn="AFTEROPERATION_DIAG_ICD">${dict.desc}</@dict_tag>" xsi:type="CD"/>
            </observation>
          </entry>
          </#if>
        </section>
      </component>
      <!--用药管理章节 1..*-->
      <component>
        <section>
          <code code="18610-6" codeSystem="2.16.840.1.113883.6.1" codeSystemName="LOINC" displayName="MEDICATION ADMINISTERED"/>
          <text/>
          <entry>
            <substanceAdministration classCode="SBADM" moodCode="EVN">
              <text/>
              <!--药物使用途径代码 -->
              <routeCode code="${anesthesiaRecords.routeAdministration!'NA'}" codeSystem="2.16.156.10011.2.3.1.158" codeSystemName="用药途径代码表" displayName="<@dict_tag value="${anesthesiaRecords.routeAdministration!'NA'}" datasetCloumn="ROUTE_ADMINISTRATION">${dict.desc}</@dict_tag>"/>
              <!--药物使用次剂量 -->
              <doseQuantity unit="${anesthesiaRecords.routeAdministration!'NA'}" value="${anesthesiaRecords.drugUsageDosage!'NA'}"/>
              <consumable>
                <manufacturedProduct>
                  <manufacturedLabeledDrug>
                    <!--药品代码及名称(通用名) -->
                    <code/>
                    <name>${anesthesiaRecords.drugName!'NA'}</name>
                  </manufacturedLabeledDrug>
                </manufacturedProduct>
              </consumable>
              <!--药物用法 -->
              <entryRelationship typeCode="COMP">
                <observation classCode="OBS" moodCode="EVN">
                  <code code="DE06.00.136.00" codeSystem="2.16.156.10011.2.2.1" codeSystemName="卫生信息数据元目录" displayName="药物用法"/>
                  <value xsi:type="ST">${anesthesiaRecords.drugUsage!'NA'}</value>
                </observation>
              </entryRelationship>
              <!--药物使用频率 -->
              <entryRelationship typeCode="COMP">
                <observation classCode="OBS" moodCode="EVN">
                  <code code="DE06.00.133.00" codeSystem="2.16.156.10011.2.2.1" codeSystemName="卫生信息数据元目录" displayName="药物使用频率"/>
                  <value code="${anesthesiaRecords.drugUsageFre!'NA'}" codeSystem="2.16.156.10011.2.3.1.267" codeSystemName="药物使用频次代码表"  displayName="<@dict_tag value="${anesthesiaRecords.drugUsageFre!'NA'}" datasetCloumn="DRUG_USAGE_FRE">${dict.desc}</@dict_tag>"  xsi:type="CD"/>
                </observation>
              </entryRelationship>
              <!--药物使用剂量单位 -->
              <entryRelationship typeCode="COMP">
                <observation classCode="OBS" moodCode="EVN">
                  <code code="DE08.50.024.00" codeSystem="2.16.156.10011.2.2.1" codeSystemName="卫生信息数据元目录" displayName="药物使用剂量单位"/>
                  <value xsi:type="ST">${anesthesiaRecords.drugDosageUnit!'NA'}</value>
                </observation>
              </entryRelationship>
              <!--药物使用总剂量 -->
              <entryRelationship typeCode="COMP">
                <observation classCode="OBS" moodCode="EVN">
                  <code code="DE06.00.135.00" codeSystem="2.16.156.10011.2.2.1" codeSystemName="卫生信息数据元目录" displayName="药物使用总剂量"/>
                  <value unit="g" value="${anesthesiaRecords.drugUsageTotal!'NA'}" xsi:type="PQ"/>
                </observation>
              </entryRelationship>
            </substanceAdministration>
          </entry>
        </section>
      </component>
      <!-- 输液章节 -->
      <component>
        <section>
          <code code="10216-0" codeSystem="2.16.840.1.113883.6.1" codeSystemName="LOINC" displayName="Surgical operation note fluids"/>
          <text/>
          <!--术中输液项目 -->
          <entry>
            <observation classCode="OBS" moodCode="EVN">
              <code code="DE06.00.269.00" codeSystem="2.16.156.10011.2.2.1" codeSystemName="卫生信息数据元目录" displayName="术中输液项目"/>
              <value xsi:type="ST">${anesthesiaRecords.operateInfusionItem!'NA'}</value>
            </observation>
          </entry>
        </section>
      </component>
      <!--输血章节-->
      <component>
        <section>
          <code code="56836-0" codeSystem="2.16.840.1.113883.6.1" codeSystemName="LOINC" displayName="History of blood transfusion"/>
          <text/>
          <entry>
            <procedure classCode="PROC" moodCode="EVN">
              <!--输血日期时间 -->
              <effectiveTime>
                <high value="${anesthesiaRecords.bloodTransferedDatetime!'NA'}"/>
              </effectiveTime>
              <!--输血品种代码 -->
              <entryRelationship typeCode="COMP">
                <observation classCode="OBS" moodCode="EVN">
                  <code code="DE08.50.040.00" codeSystem="2.16.156.10011.2.2.1" codeSystemName="卫生信息数据元目录" displayName="输血品种代码"/>
                  <value code="${anesthesiaRecords.bloodTransfusionVarietyCode!'NA'}" codeSystem="2.16.156.10011.2.3.1.251" codeSystemName="输血品种代码表" displayName="<@dict_tag value="${anesthesiaRecords.bloodTransfusionVarietyCode!'NA'}" datasetCloumn="BLOOD_TRANSFUSION_VARIETY_CODE">${dict.desc}</@dict_tag>" xsi:type="CD"/>
                </observation>
              </entryRelationship>
              <!--输血量（mL） -->
              <entryRelationship typeCode="COMP">
                <observation classCode="OBS" moodCode="EVN">
                  <code code="DE06.00.267.00" codeSystem="2.16.156.10011.2.2.1" codeSystemName="卫生信息数据元目录" displayName="输血量（mL）"/>
                  <value unit="mL" value="${anesthesiaRecords.bloodTransferedValue!'NA'}" xsi:type="PQ"/>
                </observation>
              </entryRelationship>
              <!--输血量计量单位 -->
              <entryRelationship typeCode="COMP">
                <observation classCode="OBS" moodCode="EVN">
                  <code code="DE08.50.036.00" codeSystem="2.16.156.10011.2.2.1" codeSystemName="卫生信息数据元目录" displayName="输血量计量单位"/>
                  <value xsi:type="ST">${anesthesiaRecords.bloodVolumeUnit!'NA'}</value>
                </observation>
              </entryRelationship>
              <!--输血反应标志 -->
              <entryRelationship typeCode="COMP">
                <observation classCode="OBS" moodCode="EVN">
                  <code code="DE06.00.264.00" codeSystem="2.16.156.10011.2.2.1" codeSystemName="卫生信息数据元目录" displayName="输血反应标志"/>
                  <value value="${anesthesiaRecords.bloodtransferedReactionCode!'NA'}" xsi:type="BL"/>
                </observation>
              </entryRelationship>
            </procedure>
          </entry>
        </section>
      </component>
      <!--麻醉章节 -->
      <component>
        <section>
          <code code="59774-0" codeSystem="2.16.840.1.113883.6.1" codeSystemName="LOINC" displayName="Procedure anesthesia"/>
          <text/>
          <entry>
            <!-- 1..1 麻醉记录 -->
            <procedure classCode="PROC" moodCode="EVN">
              <!--麻醉方法代码-->
              <code code="${anesthesiaRecords.anesthesiaMethodCode!'NA'}" codeSystem="2.16.156.10011.2.3.1.159" codeSystemName="麻醉方法代码表" displayName="<@dict_tag value="${anesthesiaRecords.anesthesiaMethodCode!'NA'}" datasetCloumn="ANESTHESIA_METHOD_CODE">${dict.desc}</@dict_tag>"/>
              <effectiveTime>
                <!--麻醉开始日期时间-->
                <low value="${anesthesiaRecords.anestheBeginDate!'NA'}"/>
              </effectiveTime>
              <!--ASA分级标准代码 -->
              <entryRelationship typeCode="COMP">
                <observation classCode="OBS" moodCode="EVN">
                  <code code="DE05.10.129.00" codeSystem="2.16.156.10011.2.2.1" codeSystemName="卫生信息数据元目录" displayName="ASA分级标准代码"/>
                  <value code="${anesthesiaRecords.asaStandardCode!'NA'}" codeSystem="2.16.156.10011.2.3.1.255" codeSystemName="美国麻醉医师协会(ASA)分级标准代码表" displayName="<@dict_tag value="${anesthesiaRecords.asaStandardCode!'NA'}" datasetCloumn="ASA_STANDARD_CODE">${dict.desc}</@dict_tag>" xsi:type="CD"/>
                </observation>
              </entryRelationship>
              <!--气管插管分类 -->
              <entryRelationship typeCode="COMP">
                <observation classCode="OBS" moodCode="EVN">
                  <code code="DE06.00.228.00" codeSystem="2.16.156.10011.2.2.1" codeSystemName="卫生信息数据元目录" displayName="气管插管分类"/>
                  <value xsi:type="ST">${anesthesiaRecords.trachealIntubationCode!'NA'}</value>
                </observation>
              </entryRelationship>
              <!--麻醉药物名称 -->
              <entryRelationship typeCode="COMP">
                <observation classCode="OBS" moodCode="EVN">
                  <code code="DE08.50.022.00" codeSystem="2.16.156.10011.2.2.1" codeSystemName="卫生信息数据元目录" displayName="麻醉药物名称"/>
                  <value xsi:type="ST">${anesthesiaRecords.anaesthesiaDrugName!'NA'}</value>
                </observation>
              </entryRelationship>
              <!--麻醉体位 -->
              <entryRelationship typeCode="COMP">
                <observation classCode="OBS" moodCode="EVN">
                  <code code="DE04.10.260.00" codeSystem="2.16.156.10011.2.2.1" codeSystemName="卫生信息数据元目录" displayName="麻醉体位"/>
                  <value xsi:type="ST">${anesthesiaRecords.anaesthesiaLocation!'NA'}</value>
                </observation>
              </entryRelationship>
              <!--呼吸类型代码 -->
              <entryRelationship typeCode="COMP">
                <observation classCode="OBS" moodCode="EVN">
                  <code code="DE06.00.208.00" codeSystem="2.16.156.10011.2.2.1" codeSystemName="卫生信息数据元目录" displayName="呼吸类型代码"/>
                  <value code="${anesthesiaRecords.respiratoryTypeCode!'NA'}" codeSystem="2.16.156.10011.2.3.2.1" codeSystemName="呼吸类型代码表" displayName="<@dict_tag value="${anesthesiaRecords.respiratoryTypeCode!'NA'}" datasetCloumn="RESPIRATORY_TYPE_CODE">${dict.desc}</@dict_tag>" xsi:type="CD"/>
                </observation>
              </entryRelationship>
              <!--麻醉描述 -->
              <entryRelationship typeCode="COMP">
                <observation classCode="OBS" moodCode="EVN">
                  <code code="DE06.00.226.00" codeSystem="2.16.156.10011.2.2.1" codeSystemName="卫生信息数据元目录" displayName="麻醉描述"/>
                  <value xsi:type="ST">${anesthesiaRecords.anaesthesiaDesc!'NA'}</value>
                </observation>
              </entryRelationship>
              <!--麻醉合并症标志代码 -->
              <entryRelationship typeCode="COMP">
                <observation classCode="OBS" moodCode="EVN">
                  <code code="DE05.01.077.00" codeSystem="2.16.156.10011.2.2.1" codeSystemName="卫生信息数据元目录" displayName="麻醉合并症标志代码"/>
                  <value code="${anesthesiaRecords.anesthesiaComplicatCode!'NA'}" codeSystem="2.16.156.10011.2.3.2.59" codeSystemName="麻醉合并症标志代码表" displayName="<@dict_tag value="${anesthesiaRecords.anesthesiaComplicatCode!'NA'}" datasetCloumn="ANESTHESIA_COMPLICAT_CODE">${dict.desc}</@dict_tag>" xsi:type="CD"/>
                </observation>
              </entryRelationship>
              <!--穿刺过程 -->
              <entryRelationship typeCode="COMP">
                <observation classCode="OBS" moodCode="EVN">
                  <code code="DE05.10.063.00" codeSystem="2.16.156.10011.2.2.1" codeSystemName="卫生信息数据元目录" displayName="穿刺过程"/>
                  <value xsi:type="ST">${anesthesiaRecords.punctureProcess!'NA'}</value>
                </observation>
              </entryRelationship>
              <!--麻醉效果 -->
              <entryRelationship typeCode="COMP">
                <observation classCode="OBS" moodCode="EVN">
                  <code code="DE06.00.253.00" codeSystem="2.16.156.10011.2.2.1" codeSystemName="卫生信息数据元目录" displayName="麻醉效果"/>
                  <value xsi:type="ST">${anesthesiaRecords.anesthesiaEffect!'NA'}</value>
                </observation>
              </entryRelationship>
              <!--麻醉前用药 -->
              <entryRelationship typeCode="COMP">
                <observation classCode="OBS" moodCode="EVN">
                  <code code="DE06.00.136.00" codeSystem="2.16.156.10011.2.2.1" codeSystemName="卫生信息数据元目录" displayName="麻醉前用药"/>
                  <value xsi:type="ST">${anesthesiaRecords.preAnaesthesiaDrug!'NA'}</value>
                </observation>
              </entryRelationship>
            </procedure>
          </entry>
        </section>
      </component>
      <!-- 主要健康问题章节  -->
      <component>
        <section>
          <code code="11450-4" codeSystem="2.16.840.1.113883.6.1" codeSystemName="LOINC" displayName="PROBLEM LIST"/>
          <text/>
          <entry>
            <!--常规监测项目名称 -->
            <observation classCode="OBS" moodCode="EVN">
              <code code="DE06.00.216.00" codeSystem="2.16.156.10011.2.2.1" codeSystemName="卫生信息数据元目录" displayName="常规监测项目名称"/>
              <value xsi:type="ST">${anesthesiaRecords.routineMonitorProjName!'NA'}</value>
              <!--常规监测项目结果 -->
              <entryRelationship typeCode="COMP">
                <observation classCode="OBS" moodCode="EVN">
                  <code code="DE06.00.281.00" codeSystem="2.16.156.10011.2.2.1" codeSystemName="卫生信息数据元目录" displayName="常规监测项目结果"/>
                  <value xsi:type="ST">${anesthesiaRecords.routineMonitorProjResult!'NA'}</value>
                </observation>
              </entryRelationship>
            </observation>
          </entry>
          <entry>
            <!--特殊监测项目名称 -->
            <observation classCode="OBS" moodCode="EVN">
              <code code="DE06.00.216.00" codeSystem="2.16.156.10011.2.2.1" codeSystemName="卫生信息数据元目录" displayName="特殊监测项目名称"/>
              <value xsi:type="ST">${anesthesiaRecords.specmonitorprojectName!'NA'}</value>
              <!--特殊监测项目结果 -->
              <entryRelationship typeCode="COMP">
                <observation classCode="OBS" moodCode="EVN">
                  <code code="DE06.00.281.00" codeSystem="2.16.156.10011.2.2.1" codeSystemName="卫生信息数据元目录" displayName="特殊监测项目结果"/>
                  <value xsi:type="ST">${anesthesiaRecords.specmonitorprojectResult!'NA'}</value>
                </observation>
              </entryRelationship>
            </observation>
          </entry>
        </section>
      </component>
      <!--生命体征章节-->
      <component>
        <section>
          <code code="8716-3" codeSystem="2.16.840.1.113883.6.1" codeSystemName="LOINC" displayName="VITAL SIGNS"/>
          <text/>
          <!-- 体重 -->
          <entry>
            <observation classCode="OBS" moodCode="EVN">
              <code code="DE04.10.188.00" codeSystem="2.16.156.10011.2.2.1" codeSystemName="卫生信息数据元目录" displayName="体重"/>
              <value unit="kg" value="${anesthesiaRecords.bodyWeight!'NA'}" xsi:type="PQ"/>
            </observation>
          </entry>
          <!-- 体温 -->
          <entry>
            <observation classCode="OBS" moodCode="EVN">
              <code code="DE04.10.186.00" codeSystem="2.16.156.10011.2.2.1" codeSystemName="卫生信息数据元目录" displayName="体温"/>
              <value unit="℃" value="${anesthesiaRecords.temperature!'NA'}" xsi:type="PQ"/>
            </observation>
          </entry>
          <!-- 脉率 -->
          <entry>
            <observation classCode="OBS" moodCode="EVN">
              <code code="DE04.10.118.00" codeSystem="2.16.156.10011.2.2.1" codeSystemName="卫生信息数据元目录" displayName="脉率"/>
              <value unit="次/min" value="${anesthesiaRecords.sphygmus!'NA'}" xsi:type="PQ"/>
            </observation>
          </entry>
          <!-- 呼吸频率 -->
          <entry>
            <observation classCode="OBS" moodCode="EVN">
              <code code="DE04.10.081.00" codeSystem="2.16.156.10011.2.2.1" codeSystemName="卫生信息数据元目录" displayName="呼吸频率"/>
              <value unit="次/min" value="${anesthesiaRecords.breathFrequency!'NA'}" xsi:type="PQ"/>
            </observation>
          </entry>
          <!-- 心率 -->
          <entry>
            <observation classCode="OBS" moodCode="EVN">
              <code code="DE04.10.206.00" codeSystem="2.16.156.10011.2.2.1" codeSystemName="卫生信息数据元目录" displayName="心率"/>
              <value unit="次/min" value="${anesthesiaRecords.cardiotach!'NA'}" xsi:type="PQ"/>
            </observation>
          </entry>
          <!--体格检查-血压（mmHg）-->
          <entry>
            <organizer classCode="BATTERY" moodCode="EVN">
              <code displayName="血压"/>
              <statusCode/>
              <component>
                <observation classCode="OBS" moodCode="EVN">
                  <code code="DE04.10.174.00" codeSystem="2.16.156.10011.2.2.1" codeSystemName="卫生信息数据元目录" displayName="收缩压"/>
                  <value unit="mmHg" value="${anesthesiaRecords.systolicPressure!'NA'}" xsi:type="PQ"/>
                </observation>
              </component>
              <component>
                <observation classCode="OBS" moodCode="EVN">
                  <code code="DE04.10.176.00" codeSystem="2.16.156.10011.2.2.1" codeSystemName="卫生信息数据元目录" displayName="舒张压"/>
                  <value unit="mmHg" value="${anesthesiaRecords.diastolicPressure!'NA'}" xsi:type="PQ"/>
                </observation>
              </component>
            </organizer>
          </entry>
        </section>
      </component>
      <!-- 手术操作章节 -->
      <component>
        <section>
          <code code="47519-4" codeSystem="2.16.840.1.113883.6.1" codeSystemName="LOINC" displayName="HISTORY OF PROCEDURES"/>
          <text/>
          <entry>
            <!-- 1..1 手术记录 -->
            <procedure classCode="PROC" moodCode="EVN">
              <code code="${anesthesiaRecords.operationCode!'NA'}" codeSystem="2.16.156.10011.2.3.3.12" codeSystemName="手术(操作)代码表(ICD-9-CM)" displayName="<@dict_tag value="${anesthesiaRecords.operationCode!'NA'}" datasetCloumn="OPERATION_CODE">${dict.desc}</@dict_tag>"/>
              <!--操作日期/时间-->
              <effectiveTime>
                <!--手术开始日期时间-->
                <low value="${anesthesiaRecords.operationBeginDatetime!'NA'}"/>
                <!--手术结束日期时间-->
                <high value="${anesthesiaRecords.operatiionEndDatetime!'NA'}"/>
              </effectiveTime>
              <!--手术者姓名-->
              <performer>
                <assignedEntity>
                  <id extension="${anesthesiaRecords.operationDoctorName!'NA'}" root="2.16.156.10011.1.4"/>
                  <assignedPerson>
                    <name>${anesthesiaRecords.operationDoctorName!'NA'}</name>
                  </assignedPerson>
                </assignedEntity>
              </performer>
              <!--手术间编号-->
              <entryRelationship typeCode="COMP">
                <observation classCode="OBS" moodCode="EVN">
                  <code code="DE06.00.256.00" codeSystem="2.16.156.10011.2.2.1" codeSystemName="卫生信息数据元目录" displayName="患者实施手术所在的手术室编号"/>
                  <value xsi:type="ST">${anesthesiaRecords.operationRoomNo!'NA'}</value>
                </observation>
              </entryRelationship>
              <!--手术体位代码 -->
              <entryRelationship typeCode="COMP">
                <observation classCode="OBS" moodCode="EVN">
                  <code code="DE06.00.260.00" codeSystem="2.16.156.10011.2.2.1" codeSystemName="卫生信息数据元目录" displayName="手术体位代码"/>
                  <value code="${anesthesiaRecords.opertationTargetCode!'NA'}" codeSystem="2.16.156.10011.2.3.1.262" codeSystemName="手术体位代码表" displayName="<@dict_tag value="${anesthesiaRecords.opertationTargetCode!'NA'}" datasetCloumn="OPERTATION_TARGET_CODE">${dict.desc}</@dict_tag>" xsi:type="CD"/>
                </observation>
              </entryRelationship>
              <!--诊疗过程描述 -->
              <entryRelationship typeCode="COMP">
                <observation classCode="OBS" moodCode="EVN">
                  <code code="DE06.00.296.00" codeSystem="2.16.156.10011.2.2.1" codeSystemName="卫生信息数据元目录" displayName="诊疗过程描述"/>
                  <value xsi:type="ST">${anesthesiaRecords.diagnoseDesc!'NA'}</value>
                </observation>
              </entryRelationship>
            </procedure>
          </entry>
        </section>
      </component>
      <!-- 失血章节 -->
      <component>
        <section>
          <code code="55103-6" codeSystem="2.16.840.1.113883.6.1" codeSystemName="LOINC" displayName="Surgical operation note estimated blood loss"/>
          <text/>
          <!--出血量（mL）-->
          <entry>
            <observation classCode="OBS" moodCode="EVN">
              <code code="DE06.00.097.00" codeSystem="2.16.156.10011.2.2.1" codeSystemName="卫生信息数据元目录" displayName="出血量(mL)"/>
              <value unit="mL" value="${anesthesiaRecords.operationBleeding!'NA'}" xsi:type="PQ"/>
            </observation>
          </entry>
        </section>
      </component>
      <!--术后去向章节 -->
      <component>
        <section>
          <code code="59775-7" codeSystem="2.16.840.1.113883.6.1" codeSystemName="LOINC" displayName="Procedure disposition"/>
          <text/>
          <!--患者去向代码 -->
          <entry>
            <observation classCode="OBS" moodCode="EVN">
              <code code="DE06.00.185.00" codeSystem="2.16.156.10011.2.2.1" codeSystemName="卫生信息数据元目录" displayName="患者去向代码"/>
              <effectiveTime>
                <!--出手术室日期时间-->
                <high value="${anesthesiaRecords.outOperateroomDatetime!'NA'}"/>
              </effectiveTime>
              <value xsi:type="ST"/>
            </observation>
          </entry>
        </section>
      </component>
    </structuredBody>
  </component>
</ClinicalDocument>