﻿<?xml version="1.0" encoding="UTF-8"?>

<ClinicalDocument xmlns="urn:hl7-org:v3" xmlns:mif="urn:hl7-org:v3/mif" xmlns:xsi="http://www.w3.org/2001/XMLSchema-instance" xsi:schemaLocation="urn:hl7-org:v3 ../sdschemas/CDA.xsd">
  <realmCode code="CN"/>
  <typeId extension="POCD_MT000040" root="2.16.840.1.113883.1.3"/>
  <templateId root="2.16.156.10011.2.1.1.60"/>
  <!-- 文档流水号 -->
  <id extension="${docInfo.docId}" root="2.16.156.10011.1.1"/>
  <code code="C0040" codeSystem="2.16.156.10011.2.4" codeSystemName="卫生信息共享文档规范编码体系"/>
  <title>疑难病例讨论记录</title>
  <!-- 文档机器生成时间 -->
  <effectiveTime value="${docInfo.effectiveTime}"/>
  <confidentialityCode code="N" codeSystem="2.16.840.1.113883.5.25" codeSystemName="Confidentiality" displayName="正常访问保密级别"/>
  <languageCode code="zh-CN"/>
  <setId/>
  <versionNumber/>
  <recordTarget contextControlCode="OP" typeCode="RCT">
    <patientRole classCode="PAT">
      <!--住院号标识-->
      <id extension="${intractableDiscussRecord.inpNo!'NA'}" root="2.16.156.10011.1.12"/>
      <patient classCode="PSN" determinerCode="INSTANCE">
        <!--患者身份证号-->
        <id extension="${emrBasicpatient.identityNo!'NA'}" root="2.16.156.10011.1.3"/>
        <name>${intractableDiscussRecord.patientName!'NA'}</name>
        <administrativeGenderCode code="${intractableDiscussRecord.sexCode!'NA'}" codeSystem="2.16.156.10011.2.3.3.4" codeSystemName="生理性别代码表(GB/T 2261.1)" displayName="<@dict_tag value="${intractableDiscussRecord.sexCode!'NA'}" datasetCloumn="SEX_CODE">${dict.desc}</@dict_tag>"/>
        <birthTime value="${emrBasicpatient.birthday!'NA'}"/>
        <!--1数据集里是年龄（年）、年龄（月）-->
        <#if intractableDiscussRecord.ageYear??>
        <age unit="岁" value="${intractableDiscussRecord.ageYear!'NA'}"/>
        <#else>
        <age unit="月" value="${intractableDiscussRecord.patientMonth!'NA'}"/>
        </#if>
      </patient>
      <providerOrganization classCode="ORG" determinerCode="INSTANCE">
        <asOrganizationPartOf classCode="PART">
          <!--DE06.00.218.00 讨论日期时间-->
          <effectiveTime value="${intractableDiscussRecord.discussDatatime!'NA'}"/>
          <wholeOrganization>
            <!--DE06.00.274.00 讨论地点-->
            <addr>${intractableDiscussRecord.discussPlace!'NA'}</addr>
          </wholeOrganization>
        </asOrganizationPartOf>
      </providerOrganization>
    </patientRole>
  </recordTarget>
  <!-- 文档创建者 -->
  <author contextControlCode="OP" typeCode="AUT">
    <time value="${intractableDiscussRecord.discussDatatime!'NA'}"/>
    <assignedAuthor classCode="ASSIGNED">
      <id extension="${intractableDiscussRecord.doctorSign!'NA'}" root="2.16.156.10011.1.7"/>
      <assignedPerson classCode="PSN" determinerCode="INSTANCE">
        <name>${intractableDiscussRecord.doctorSign!'NA'}</name>
      </assignedPerson>
    </assignedAuthor>
  </author>
  <!--管理机构-->
  <custodian typeCode="CST">
    <assignedCustodian classCode="ASSIGNED">
      <representedCustodianOrganization classCode="ORG" determinerCode="INSTANCE">
        <id extension="${hospitalInfo.organCode!'NA'}" root="2.16.156.10011.1.5"/>
        <name>${hospitalInfo.organName!'NA'}</name>
      </representedCustodianOrganization>
    </assignedCustodian>
  </custodian>
  <!--主任医师签名-->
  <legalAuthenticator>
    <!-- 签名 DE09.00.053.00 签名日期时间-->
    <time value="${intractableDiscussRecord.discussDatatime!'NA'}"/>
    <signatureCode/>
    <assignedEntity>
      <id extension="${intractableDiscussRecord.archiaterDoctorSign!'NA'}" root="2.16.156.10011.1.4"/>
      <code displayName="主任医师签名"/>
      <assignedPerson classCode="PSN" determinerCode="INSTANCE">
        <name>${intractableDiscussRecord.archiaterDoctorSign!'NA'}</name>
      </assignedPerson>
    </assignedEntity>
  </legalAuthenticator>
  <!--医师签名-->
  <authenticator>
    <time/>
    <signatureCode/>
    <assignedEntity>
      <id extension="${intractableDiscussRecord.doctorSign!'NA'}" root="2.16.156.10011.1.4"/>
      <code displayName="医师"/>
      <assignedPerson classCode="PSN" determinerCode="INSTANCE">
        <name>${intractableDiscussRecord.doctorSign!'NA'}</name>
      </assignedPerson>
    </assignedEntity>
  </authenticator>
  <!--主治医师签名-->
  <authenticator>
    <time/>
    <signatureCode/>
    <assignedEntity>
      <id extension="${intractableDiscussRecord.physicianDoctorSign!'NA'}" root="2.16.156.10011.1.4"/>
      <code displayName="主治医师"/>
      <assignedPerson classCode="PSN" determinerCode="INSTANCE">
        <name>${intractableDiscussRecord.physicianDoctorSign!'NA'}</name>
      </assignedPerson>
    </assignedEntity>
  </authenticator>
  <!--主持人-->
  <authenticator>
    <time/>
    <signatureCode/>
    <assignedEntity>
      <id extension="${intractableDiscussRecord.compereName!'NA'}" root="2.16.156.10011.1.4"/>
      <code displayName="主持人"/>
      <assignedPerson classCode="PSN" determinerCode="INSTANCE">
        <name>${intractableDiscussRecord.compereName!'NA'}</name>
      </assignedPerson>
    </assignedEntity>
  </authenticator>
  <!--参加讨论人员名单-->
  <participant typeCode="PRCP ">
    <associatedEntity classCode="ASSIGNED ">
      <associatedPerson>
        <name>${intractableDiscussRecord.discussNames!'NA'}</name>
      </associatedPerson>
    </associatedEntity>
  </participant>
  <relatedDocument typeCode="RPLC">
    <parentDocument>
      <id/>
      <setId/>
      <versionNumber/>
    </parentDocument>
  </relatedDocument>
  <!-- 病床号、病房、病区、科室和医院的关联 -->
  <componentOf>
    <encompassingEncounter>
      <effectiveTime/>
      <location>
        <healthCareFacility>
          <serviceProviderOrganization>
            <asOrganizationPartOf classCode="PART">
              <!-- DE01.00.026.00病床号 -->
              <wholeOrganization classCode="ORG" determinerCode="INSTANCE">
                <id extension="${intractableDiscussRecord.bedNo!'NA'}" root="2.16.156.10011.1.22"/>
                <name>${intractableDiscussRecord.bedNo!'NA'}</name>
                <asOrganizationPartOf classCode="PART">
                  <!-- DE01.00.019.00病房号 -->
                  <wholeOrganization classCode="ORG" determinerCode="INSTANCE">
                    <id extension="${intractableDiscussRecord.roomNo!'NA'}" root="2.16.156.10011.1.21"/>
                    <name>${intractableDiscussRecord.roomNo!'NA'}</name>
                    <asOrganizationPartOf classCode="PART">
                      <!-- DE08.10.026.00科室名称 -->
                      <wholeOrganization classCode="ORG" determinerCode="INSTANCE">
                        <id extension="${intractableDiscussRecord.deptName!'NA'}" root="2.16.156.10011.1.26"/>
                        <name>${intractableDiscussRecord.deptName!'NA'}</name>
                        <asOrganizationPartOf classCode="PART">
                          <!-- DE08.10.054.00病区名称 -->
                          <wholeOrganization classCode="ORG" determinerCode="INSTANCE">
                            <id extension="${intractableDiscussRecord.areaName!'NA'}" root="2.16.156.10011.1.27"/>
                            <name>${intractableDiscussRecord.areaName!'NA'}</name>
                            <asOrganizationPartOf classCode="PART">
                              <!--医疗机构名称 -->
                              <wholeOrganization classCode="ORG" determinerCode="INSTANCE">
                                <id extension="${hospitalInfo.organCode!'NA'}" root="2.16.156.10011.1.5"/>
                                <name>${hospitalInfo.organName!'NA'}</name>
                              </wholeOrganization>
                            </asOrganizationPartOf>
                          </wholeOrganization>
                        </asOrganizationPartOf>
                      </wholeOrganization>
                    </asOrganizationPartOf>
                  </wholeOrganization>
                </asOrganizationPartOf>
              </wholeOrganization>
            </asOrganizationPartOf>
          </serviceProviderOrganization>
        </healthCareFacility>
      </location>
    </encompassingEncounter>
  </componentOf>
  <component>
    <structuredBody>
      <!--健康评估章节-->
      <component>
        <section>
          <code code="51848-0" codeSystem="2.16.840.1.113883.6.1" codeSystemName="LOINC" displayName="Assessment note"/>
          <text/>
          <entry>
            <observation classCode="OBS" moodCode="EVN ">
              <code code="DE06.00.018.00" codeSystem="2.16.156.10011.2.2.1" codeSystemName="卫生信息数据元目录" displayName="讨论意见"/>
              <#if intractableDiscussRecord.discussSuggestion??>
              <value xsi:type="ST">${intractableDiscussRecord.discussSuggestion? replace('<','小于')? replace('>','大于')}</value>
              <#else>
              <value xsi:type="ST">${intractableDiscussRecord.discussSuggestion!'NA'}</value>
              </#if>
            </observation>
          </entry>
          <entry>
            <observation classCode="OBS" moodCode="EVN ">
              <code code="DE06.00.018.00" codeSystem="2.16.156.10011.2.2.1" codeSystemName="卫生信息数据元目录" displayName="主持人总结意见"/>
              <value xsi:type="ST">${intractableDiscussRecord.compereSummarySuggestion!'NA'}</value>
            </observation>
          </entry>
        </section>
      </component>
      <!--诊断章节-->
      <component>
        <section>
          <code code="29548-5" codeSystem="2.16.840.1.113883.6.1" codeSystemName="LOINC" displayName="Diagnosis"/>
          <text/>
          <entry>
            <observation classCode="OBS" moodCode="EVN">
              <code code="DE02.10.028.00" codeSystem="2.16.156.10011.2.2.1" codeSystemName="卫生信息数据元目录" displayName="中医“四诊”观察结果"/>
              <value xsi:type="ST">${intractableDiscussRecord.tcmFourResults!'NA'}</value>
            </observation>
          </entry>
        </section>
      </component>
      <!--治疗计划章节-->
      <component>
        <section>
          <code code="18776-5" codeSystem="2.16.840.1.113883.6.1" codeSystemName="LOINC" displayName="TREATMENT PLAN"/>
          <text/>
          <!--辩证论治-->
          <entry>
            <observation classCode="OBS" moodCode="EVN">
              <code code="DE05.10.131.00" codeSystem="2.16.156.10011.2.2.1" codeSystemName="卫生信息数据元目录" displayName="辩证论治"/>
              <value xsi:type="ST">${intractableDiscussRecord.dialecticalDesc!'NA'}</value>
            </observation>
          </entry>
        </section>
      </component>
      <!--用药章节-->
      <component>
        <section>
          <code code="10160-0" codeSystem="2.16.840.1.113883.6.1" codeSystemName="LOINC" displayName="HISTORY OF MEDICATION USE"/>
          <text/>
          <!-- 中药处方医嘱内容 -->
          <entry>
            <observation classCode="OBS" moodCode="EVN ">
              <code code="DE06.00.287.00" codeSystem="2.16.156.10011.2.2.1" codeSystemName="卫生信息数据元目录" displayName="中药处方医嘱内容"/>
              <value xsi:type="ST">${intractableDiscussRecord.adviceContent!'NA'}</value>
            </observation>
          </entry>
          <!--中药煎煮法-->
          <entry>
            <observation classCode="OBS" moodCode="EVN ">
              <code code="DE08.50.047.00" codeSystem="2.16.156.10011.2.2.1" codeSystemName="卫生信息数据元目录" displayName="中药饮片煎煮法"/>
              <value xsi:type="ST"/>
            </observation>
          </entry>
          <!--中药用药方法-->
          <entry>
            <observation classCode="OBS" moodCode="EVN ">
              <code code="DE06.00.136.00" codeSystem="2.16.156.10011.2.2.1" codeSystemName="卫生信息数据元目录" displayName="中药用药方法的描述"/>
              <value xsi:type="ST">${intractableDiscussRecord.chinDrinkDecway!'NA'}</value>
            </observation>
          </entry>
        </section>
      </component>
    </structuredBody>
  </component>
</ClinicalDocument>