﻿<?xml version="1.0" encoding="UTF-8"?>

<ClinicalDocument xmlns="urn:hl7-org:v3" xmlns:mif="urn:hl7-org:v3/mif" xmlns:xsi="http://www.w3.org/2001/XMLSchema-instance" xsi:schemaLocation="urn:hl7-org:v3 ..\sdschemas\CDA.xsd">
  <realmCode code="CN"/>
  <typeId extension="POCD_MT000040" root="2.16.840.1.113883.1.3"/>
  <templateId root="2.16.156.10011.2.1.1.25"/>
  <!-- 文档流水号 -->
  <id extension="${docInfo.docId}" root="2.16.156.10011.1.1"/>
  <code code="C0005" codeSystem="2.16.156.10011.2.4" codeSystemName="卫生信息共享文档规范编码体系"/>
  <title>中药处方</title>
  <!-- 文档机器生成时间 -->
  <effectiveTime value="${docInfo.effectiveTime}"/>
  <confidentialityCode code="N" codeSystem="2.16.840.1.113883.5.25" codeSystemName="Confidentiality" displayName="正常访问保密级别"/>
  <languageCode code="zh-CN"/>
  <setId/>
  <versionNumber/>
  <!--文档记录对象（患者） [1..*] contextControlCode="OP"表示本信息可以被重载-->
  <recordTarget contextControlCode="OP" typeCode="RCT">
    <patientRole classCode="PAT">
      <!--门急（诊）号-->
      <id extension="${prescriptionChine.outpNo!'NA'}" root="2.16.156.10011.1.11"/>
      <!--处方编号-->
      <id extension="${prescriptionChine.recipeNo!'NA'}" root="2.16.156.10011.1.20"/>
      <patient classCode="PSN" determinerCode="INSTANCE">
        <!--患者身份证号标识-->
        <id extension="<@privacy_tag value="${emrBasicpatient.identityNo!'000000000000000000'}" privacyId="1">${privacy}</@privacy_tag>" root="2.16.156.10011.1.3"/>
        <!--患者姓名、性别、年龄-->
        <name><@privacy_tag value="${prescriptionChine.patientName!'NA'}" privacyId="2">${privacy}</@privacy_tag></name>
        <administrativeGenderCode code="${prescriptionChine.patientSex!'NA'}" codeSystem="2.16.156.10011.2.3.3.4" codeSystemName="生理性别代码表(GB/T 2261.1)" displayName="<@dict_tag value="${prescriptionChine.patientSex!'NA'}" datasetCloumn="PATIENT_SEX">${dict.desc}</@dict_tag>"/>
        <#if prescriptionChine.ageYear??>
        <age unit="岁" value="${prescriptionChine.ageYear!'NA'}"/>
        <#else>
        <age unit="月" value="${prescriptionChine.patientMonth!'NA'}"/>
        </#if>
      </patient>
      <!-- 开立科室 -->
      <providerOrganization>
        <id root="2.16.156.10011.1.26"/>
        <name>${prescriptionChine.recipeOpendeptName!'NA'}</name>
        <asOrganizationPartOf>
          <wholeOrganization>
            <!-- 医疗机构组织机构代码 -->
            <id extension="${prescriptionChine.organCode!'NA'}" root="2.16.156.10011.1.5"/>
            <name>${hospitalInfo.organName!'NA'}</name>
          </wholeOrganization>
        </asOrganizationPartOf>
      </providerOrganization>
    </patientRole>
  </recordTarget>
  <!-- 文档创作者 -->
  <author contextControlCode="OP" typeCode="AUT">
    <!-- 处方开立日期 -->
    <time value="${prescriptionChine.recipeOpenDate!'NA'}"/>
    <assignedAuthor classCode="ASSIGNED">
      <id extension="${prescriptionChine.recipeOpendoctorName!'NA'}" root="2.16.156.10011.1.7"/>
      <!--处方开立医师-->
      <assignedPerson>
        <name>${prescriptionChine.recipeOpendoctorName!'NA'}</name>
      </assignedPerson>
    </assignedAuthor>
  </author>
  <!-- 保管机构 -->
  <custodian typeCode="CST">
    <assignedCustodian classCode="ASSIGNED">
      <representedCustodianOrganization classCode="ORG" determinerCode="INSTANCE">
        <id extension="${prescriptionChine.organCode!'NA'}" root="2.16.156.10011.1.5"/>
        <name>${hospitalInfo.organName!'NA'}</name>
      </representedCustodianOrganization>
    </assignedCustodian>
  </custodian>
  <!-- 处方开立医师签名 -->
  <legalAuthenticator>
    <!--签名日期时间-->
    <time/>
    <signatureCode/>
    <assignedEntity>
      <id extension="${prescriptionChine.recipeOpendoctorName!'NA'}" root="2.16.156.10011.1.4"/>
      <code displayName="处方开立医师"/>
      <assignedPerson classCode="PSN" determinerCode="INSTANCE">
        <name>${prescriptionChine.recipeOpendoctorName!'NA'}</name>
      </assignedPerson>
    </assignedEntity>
  </legalAuthenticator>
  <!-- 处方审核药剂师签名 -->
  <authenticator>
    <time/>
    <signatureCode/>
    <assignedEntity>
      <id extension="${prescriptionChine.checkPersonName!'NA'}" root="2.16.156.10011.1.4"/>
      <code displayName="处方审核药剂师"/>
      <assignedPerson classCode="PSN" determinerCode="INSTANCE">
        <name>${prescriptionChine.checkPersonName!'NA'}</name>
      </assignedPerson>
    </assignedEntity>
  </authenticator>
  <!-- 处方调配药剂师签名 -->
  <authenticator>
    <time/>
    <signatureCode/>
    <assignedEntity>
      <id extension="${prescriptionChine.allocatePersonName!'NA'}" root="2.16.156.10011.1.4"/>
      <code displayName="处方调配药剂师"/>
      <assignedPerson classCode="PSN" determinerCode="INSTANCE">
        <name>${prescriptionChine.allocatePersonName!'NA'}</name>
      </assignedPerson>
    </assignedEntity>
  </authenticator>
  <!-- 处方核对药剂师 -->
  <authenticator>
    <time/>
    <signatureCode/>
    <assignedEntity>
      <id extension="${prescriptionChine.verifyPersonName!'NA'}" root="2.16.156.10011.1.4"/>
      <code displayName="处方核对药剂师"/>
      <assignedPerson classCode="PSN" determinerCode="INSTANCE">
        <name>${prescriptionChine.verifyPersonName!'NA'}</name>
      </assignedPerson>
    </assignedEntity>
  </authenticator>
  <!-- 处方核对药剂师 -->
  <authenticator>
    <time/>
    <signatureCode/>
    <assignedEntity>
      <id extension="${prescriptionChine.dispensingPersonName!'NA'}" root="2.16.156.10011.1.4"/>
      <code displayName="处方发药药剂师"/>
      <assignedPerson classCode="PSN" determinerCode="INSTANCE">
        <name>${prescriptionChine.dispensingPersonName!'NA'}</name>
      </assignedPerson>
    </assignedEntity>
  </authenticator>
  <relatedDocument typeCode="RPLC">
    <parentDocument>
      <id/>
      <setId/>
      <versionNumber/>
    </parentDocument>
  </relatedDocument>
  <component>
    <structuredBody>
      <!--诊断章节-->
      <component>
        <section>
          <code code="29548-5" codeSystem="2.16.840.1.113883.6.1" codeSystemName="LOINC" displayName="Diagnosis"/>
          <text/>
          <!--条目：诊断-->
          <entry>
            <observation classCode="OBS" moodCode="EVN">
              <code code="DE05.01.024.00" displayName="西医诊断编码" codeSystem="2.16.156.10011.2.2.1" codeSystemName="卫生信息数据元目录"/>
              <value xsi:type="CD" code="${prescriptionChine.westernDiagnosisCode!'NA'}" codeSystem="2.16.156.10011.2.3.3.11" codeSystemName="ICD-10" displayName="<@dict_tag value="${prescriptionChine.westernDiagnosisCode!'NA'}" datasetCloumn="WESTERN_DIAGNOSIS_CODE">${dict.desc}</@dict_tag>"/>
            </observation>
          </entry>
          <entry>
            <observation classCode="OBS" moodCode="EVN">
              <code code="DE05.10.130.00" codeSystem="2.16.156.10011.2.2.1" codeSystemName="卫生信息数据元目录" displayName="中医诊断病名代码">
                <qualifier>
                  <name displayName="中医诊断病名代码"/>
                </qualifier>
              </code>
              <value code="${prescriptionChine.chineseDiagnosisCode!'NA'}" codeSystem="2.16.156.10011.2.3.3.14" codeSystemName="中医病证分类与代码表( GB/T 15657)" displayName="<@dict_tag value="${prescriptionChine.chineseDiagnosisCode!'NA'}" datasetCloumn="CHINESE_DIAGNOSIS_CODE">${dict.desc}</@dict_tag>" xsi:type="CD"/>
            </observation>
          </entry>
          <entry>
            <observation classCode="OBS" moodCode="EVN">
              <code code="DE05.10.130.00" codeSystem="2.16.156.10011.2.2.1" codeSystemName="卫生信息数据元目录" displayName="中医证候代码">
                <qualifier>
                  <name displayName="中医证候代码"/>
                </qualifier>
              </code>
              <value code="${prescriptionChine.chineseSyndromeCode!'NA'}" codeSystem="2.16.156.10011.2.3.3.14" codeSystemName="中医病证分类与代码表( GB/T 15657)" xsi:type="CD" displayName="<@dict_tag value="${prescriptionChine.chineseSyndromeCode!'NA'}" datasetCloumn="CHINESE_SYNDROME_CODE">${dict.desc}</@dict_tag>"/>
            </observation>
          </entry>
        </section>
      </component>
      <!--用药章节 1..*-->
      <component>
        <section>
          <code code="10160-0" codeSystem="2.16.840.1.113883.6.1" codeSystemName="LOINC" displayName="HISTORY OF MEDICATION USE"/>
          <text/>
          <!--处方条目-->
          <entry>
            <substanceAdministration classCode="SBADM" moodCode="EVN">
              <text/>
              <routeCode code="${prescriptionChine.routeAdministration!'NA'}" codeSystem="2.16.156.10011.2.3.1.158" codeSystemName="用药途径代码表" displayName="<@dict_tag value="${prescriptionChine.routeAdministration!'NA'}" datasetCloumn="ROUTE_ADMINISTRATION">${dict.desc}</@dict_tag>"/>
              <!--用药剂量-单次 -->
              <doseQuantity unit="${prescriptionChine.dosageUnit!'NA'}" value="${prescriptionChine.drugDosage!'NA'}"/>
              <!--用药频率 -->
              <rateQuantity>
                <translation code="${prescriptionChine.drugUsageFrequency!'NA'}" displayName="<@dict_tag value="${prescriptionChine.drugUsageFrequency!'NA'}" datasetCloumn="DRUG_USAGE_FREQUENCY">${dict.desc}</@dict_tag>"/>
              </rateQuantity>
              <!--药物剂型 -->
              <administrationUnitCode code="${prescriptionChine.drugDosageCode!'NA'}" codeSystem="2.16.156.10011.2.3.1.211" codeSystemName="药物剂型代码表" displayName="<@dict_tag value="${prescriptionChine.drugDosageCode!'NA'}" datasetCloumn="DRUG_DOSAGE_CODE">${dict.desc}</@dict_tag>"/>
              <consumable>
                <manufacturedProduct>
                  <!--药品代码及名称(通用名) -->
                  <manufacturedLabeledDrug>
                    <code/>
                    <name>${prescriptionChine.drugName!'NA'}</name>
                  </manufacturedLabeledDrug>
                </manufacturedProduct>
              </consumable>
              <entryRelationship typeCode="COMP">
                <observation classCode="OBS" moodCode="EVN">
                  <code code="DE08.50.043.00" codeSystem="2.16.156.10011.2.2.1" codeSystemName="卫生信息数据元目录" displayName="药物规格"/>
                  <value xsi:type="ST">${prescriptionChine.drugSpec!'NA'}</value>
                </observation>
              </entryRelationship>
              <entryRelationship typeCode="COMP">
                <observation classCode="OBS" moodCode="EVN">
                  <code code="DE06.00.135.00" displayName="药物使用总剂量" codeSystem="2.16.156.10011.2.2.1" codeSystemName="卫生信息数据元目录"/>
                  <value xsi:type="PQ" value="${prescriptionChine.usageDosageTotal!'NA'}" unit="${prescriptionChine.dosageUnit!'NA'}"/>
                </observation>
              </entryRelationship>
            </substanceAdministration>
          </entry>
          <!--处方有效天数-->
          <entry>
            <observation classCode="OBS" moodCode="EVN">
              <code code="DE06.00.294.00" displayName="处方有效天数" codeSystem="2.16.156.10011.2.2.1" codeSystemName="卫生信息数据元目录"/>
              <value xsi:type="PQ" value="${prescriptionChine.recipeEffectiveDay!'NA'}" unit="天"/>
            </observation>
          </entry>
          <#if prescriptionChine.recipeGroupNo??>
          <!--处方药品组号-->
          <entry>
            <observation classCode="OBS" moodCode="EVN">
              <code code="DE08.50.056.00" displayName="处方药品组号" codeSystem="2.16.156.10011.2.2.1" codeSystemName="卫生信息数据元目录"/>
              <value xsi:type="INT" value="${prescriptionChine.recipeGroupNo!'NA'}"/>
            </observation>
          </entry>
          </#if>
          <!--中药饮片处方-->
          <entry>
            <observation classCode="OBS" moodCode="EVN ">
              <code code="DE08.50.049.00" codeSystem="2.16.156.10011.2.2.1" codeSystemName="卫生信息数据元目录" displayName="中药饮片处方"/>
              <value xsi:type="ST">${prescriptionChine.tcdDecoctionpieces!'NA'}</value>
              <!--中药饮片剂数-->
              <entryRelationship typeCode="COMP">
                <observation classCode="OBS" moodCode="EVN ">
                  <code code="DE08.50.050.00" displayName="中药饮片剂数" codeSystem="2.16.156.10011.2.2.1" codeSystemName="卫生信息数据元目录"/>
                  <value xsi:type="PQ" value="${prescriptionChine.tcdDecoctionpiecesForm!'NA'}" unit="剂"/>
                </observation>
              </entryRelationship>
              <!--中药饮片煎煮法-->
              <entryRelationship typeCode="COMP">
                <observation classCode="OBS" moodCode="EVN ">
                  <code code="DE08.50.047.00" codeSystem="2.16.156.10011.2.2.1" codeSystemName="卫生信息数据元目录" displayName="中药煎煮法"/>
                  <value xsi:type="ST">${prescriptionChine.tcdDecoctionpiecesDecoction!'NA'}</value>
                </observation>
              </entryRelationship>
              <!--中药用药方法-->
              <entryRelationship typeCode="COMP">
                <observation classCode="OBS" moodCode="EVN ">
                  <code code="DE06.00.136.00" codeSystem="2.16.156.10011.2.2.1" codeSystemName="卫生信息数据元目录" displayName="中药用药法"/>
                  <value xsi:type="ST">${prescriptionChine.tcdUsage!'NA'}</value>
                </observation>
              </entryRelationship>
            </observation>
          </entry>
          <!-- 处方类别代码 DE08.50.032.00 处方类别代码 -->
          <entry>
            <observation classCode="OBS" moodCode="EVN">
              <code code="DE08.50.032.00" displayName="处方类别代码" codeSystem="2.16.156.10011.2.2.1" codeSystemName="卫生信息数据元目录"/>
              <value xsi:type="CD" code="${prescriptionChine.prescriptionCategoryCode!'NA'}" codeSystem="2.16.156.10011.2.3.2.40" codeSystemName="处方类别代码表" displayName="<@dict_tag value="${prescriptionChine.prescriptionCategoryCode!'NA'}" datasetCloumn="PRESCRIPTION_CATEGORY_CODE">${dict.desc}</@dict_tag>"/>
            </observation>
          </entry>
        </section>
      </component>
      <!-- 费用章节 -->
      <component>
        <section>
          <code code="48768-6" codeSystem="2.16.840.1.113883.6.1" codeSystemName="LOINC" displayName="PAYMENT SOURCES"/>
          <text/>
          <entry>
            <observation classCode="OBS" moodCode="EVN">
              <code code="DE07.00.004.00" displayName="处方药品金额" codeSystem="2.16.156.10011.2.2.1" codeSystemName="卫生信息数据元目录"/>
              <value xsi:type="MO" value="${prescriptionChine.recipeCostsAmount!'NA'}" currency="元"/>
            </observation>
          </entry>
        </section>
      </component>
        <!-- 治疗计划章节 -->
      <component>
        <section>
          <code code="18776-5" codeSystem="2.16.840.1.113883.6.1" codeSystemName="LOINC" displayName="TREATMENT PLAN"/>
          <text/>
          <!--处方备注信息-->
          <entry>
            <observation classCode="OBS" moodCode="EVN">
              <code code="DE06.00.179.00" codeSystem="2.16.156.10011.2.2.1" codeSystemName="卫生信息数据元目录" displayName="处方备注信息"/>
              <value xsi:type="ST">${prescriptionChine.recipeRemark!'NA'}</value>
            </observation>
          </entry>
          <!--治则治法-->
          <entry>
            <observation classCode="OBS" moodCode="EVN">
              <code code="DE06.00.300.00" codeSystem="2.16.156.10011.2.2.1" codeSystemName="卫生信息数据元目录" displayName="治则治法"/>
              <value xsi:type="ST">${prescriptionChine.therapeuticPrinciple!'NA'}</value>
            </observation>
          </entry>
        </section>
      </component>
    </structuredBody>
  </component>
</ClinicalDocument>