﻿<?xml version="1.0" encoding="UTF-8"?>

<ClinicalDocument xmlns="urn:hl7-org:v3" xmlns:mif="urn:hl7-org:v3/mif" xmlns:xsi="http://www.w3.org/2001/XMLSchema-instance" xsi:schemaLocation="urn:hl7-org:v3 ..\sdschemas\CDA.xsd">
  <realmCode code="CN"/>
  <typeId extension="POCD_MT000040" root="2.16.840.1.113883.1.3"/>
  <templateId root="2.16.156.10011.2.1.1.27"/>
  <!--文档流水号-->
  <id extension="${docInfo.docId}" root="2.16.156.10011.1.1"/>
  <code code="C0007" codeSystem="2.16.156.10011.2.4" codeSystemName="卫生信息共享文档规范编码体系"/>
  <title>检验报告</title>
  <!--文档机器生成时间-->
  <effectiveTime value="${docInfo.effectiveTime}"/>
  <confidentialityCode code="N" codeSystem="2.16.840.1.113883.5.25" codeSystemName="Confidentiality" displayName="正常访问保密级别"/>
  <languageCode code="zh-CN"/>
  <setId/>
  <versionNumber/>
  <!--文档记录对象（患者）-->
  <recordTarget contextControlCode="OP" typeCode="RCT">
    <patientRole classCode="PAT">
      <!--门（急）诊号标识 -->
      <id extension="${surveyRecord.outpNo!'NA'}" root="2.16.156.10011.1.11"/>
      <!--住院号标识 -->
      <id extension="${surveyRecord.inpNo!'NA'}" root="2.16.156.10011.1.12"/>
      <!--检验报告单号标识 -->
      <id extension="${surveyRecord.inspectionReportNo!'NA'}" root="2.16.156.10011.1.33"/>
      <!--电子申请单编号 -->
      <id extension="${surveyRecord.applyNo!'NA'}" root="2.16.156.10011.1.24"/>
      <!--检验标本编号标识  -->
      <id extension="${surveyRecord.inspectionInspectionNo!'NA'}" root="2.16.156.10011.1.14"/>
      <!--患者类别代码-->
      <patientType>
        <patienttypeCode code="${surveyRecord.visitTypeNo!'NA'}" codeSystem="2.16.156.10011.2.3.1.271" codeSystemName="患者类型代码表" displayName="<@dict_tag value="${surveyRecord.visitTypeNo!'NA'}" datasetCloumn="VISIT_TYPE_NO">${dict.desc}</@dict_tag>"/>
      </patientType>
      <telecom value="<@privacy_tag value="${surveyRecord.patientPhone!'NA'}" privacyId="5">${privacy}</@privacy_tag>"/>
      <patient classCode="PSN" determinerCode="INSTANCE">
        <!--患者身份证号标识-->
        <id extension="<@privacy_tag value="${emrBasicpatient.identityNo!'000000000000000000'}" privacyId="1">${privacy}</@privacy_tag>" root="2.16.156.10011.1.3"/>
        <name><@privacy_tag value="${surveyRecord.patientName!'NA'}" privacyId="2">${privacy}</@privacy_tag></name>
        <administrativeGenderCode code="${surveyRecord.patientSex!'NA'}" codeSystem="2.16.156.10011.2.3.3.4" codeSystemName="生理性别代码表(GB/T 2261.1)" displayName="<@dict_tag value="${surveyRecord.patientSex!'NA'}" datasetCloumn="PATIENT_SEX">${dict.desc}</@dict_tag>"/>
        <!--年龄-->
        <#if surveyRecord.ageYear??>
        <age unit="岁" value="${surveyRecord.ageYear!'NA'}"/>
        <#else>
        <age unit="月" value="${surveyRecord.patientMonth!'NA'}"/>
        </#if>
      </patient>
    </patientRole>
  </recordTarget>
  <!--检验报告医师（文档创作者）-->
  <author contextControlCode="OP" typeCode="AUT">
    <!--检验报告日期-->
    <time value="${surveyRecord.inspectionReportDate!'NA'}"/>
    <assignedAuthor classCode="ASSIGNED">
      <id extension="${surveyRecord.reportDoctor!'NA'}" root="2.16.156.10011.1.7"/>
      <!--医师姓名-->
      <assignedPerson>
        <name>${surveyRecord.reportDoctor!'NA'}</name>
      </assignedPerson>
    </assignedAuthor>
  </author>
  <!--保管机构-->
  <custodian typeCode="CST">
    <assignedCustodian classCode="ASSIGNED">
      <representedCustodianOrganization classCode="ORG" determinerCode="INSTANCE">
        <id extension="${surveyRecord.organCode!'NA'}" root="2.16.156.10011.1.5"/>
        <name>${hospitalInfo.organName!'NA'}</name>
      </representedCustodianOrganization>
    </assignedCustodian>
  </custodian>
  <!--审核医师签名-->
  <legalAuthenticator>
    <time/>
    <signatureCode/>
    <assignedEntity>
      <id extension="${surveyRecord.reportaudit!'NA'}" root="2.16.156.10011.1.4"/>
      <code displayName="审核医师"/>
      <assignedPerson classCode="PSN" determinerCode="INSTANCE">
        <name>${surveyRecord.reportaudit!'NA'}</name>
      </assignedPerson>
    </assignedEntity>
  </legalAuthenticator>
  <!--检验技师签名-->
  <authenticator>
    <time/>
    <signatureCode/>
    <assignedEntity>
      <id extension="${surveyRecord.inspectionEngineer!'NA'}" root="2.16.156.10011.1.4"/>
      <code displayName="检验技师"/>
      <assignedPerson classCode="PSN" determinerCode="INSTANCE">
        <name>${surveyRecord.inspectionEngineer!'NA'}</name>
      </assignedPerson>
    </assignedEntity>
  </authenticator>
  <!--检验医师签名-->
  <authenticator>
    <time/>
    <signatureCode/>
    <assignedEntity>
      <id extension="${surveyRecord.inspectionDoctor!'NA'}" root="2.16.156.10011.1.4"/>
      <code displayName="检查验医师"/>
      <assignedPerson classCode="PSN" determinerCode="INSTANCE">
        <name>${surveyRecord.inspectionDoctor!'NA'}</name>
      </assignedPerson>
    </assignedEntity>
  </authenticator>
  <!--检验申请机构及科室-->
  <participant typeCode="PRF">
    <time/>
    <associatedEntity classCode="ASSIGNED">
      <scopingOrganization>
        <id extension="${surveyRecord.examinationApplyRoom!'NA'}" root="2.16.156.10011.1.26"/>
        <name>${surveyRecord.examinationApplyRoom!'NA'}</name>
        <asOrganizationPartOf>
          <wholeOrganization>
            <id extension="${surveyRecord.organCode!'NA'}" root="2.16.156.10011.1.5"/>
            <name>${surveyRecord.examinationApplyOrgan!'NA'}</name>
          </wholeOrganization>
        </asOrganizationPartOf>
      </scopingOrganization>
    </associatedEntity>
  </participant>
  <relatedDocument typeCode="RPLC">
    <parentDocument>
      <id/>
      <setId/>
      <versionNumber/>
    </parentDocument>
  </relatedDocument>
  <!--病床号、病房、病区、科室和医院的关联-->
  <componentOf>
    <encompassingEncounter>
      <effectiveTime/>
      <location>
        <healthCareFacility>
          <serviceProviderOrganization>
            <asOrganizationPartOf classCode="PART">
              <!--DE01.00.026.00病床号-->
              <wholeOrganization classCode="ORG" determinerCode="INSTANCE">
                <id extension="${surveyRecord.bedNo!'NA'}" root="2.16.156.10011.1.22"/>
                <name>${surveyRecord.bedNo!'NA'}</name>
                <!--DE01.00.019.00病房号-->
                <asOrganizationPartOf classCode="PART">
                  <wholeOrganization classCode="ORG" determinerCode="INSTANCE">
                    <id extension="${surveyRecord.roomNo!'NA'}" root="2.16.156.10011.1.21"/>
                    <name>${surveyRecord.roomNo!'NA'}</name>
                    <!--DE08.10.026.00科室名称-->
                    <asOrganizationPartOf classCode="PART">
                      <wholeOrganization classCode="ORG" determinerCode="INSTANCE">
                        <id extension="${surveyRecord.deptName!'NA'}" root="2.16.156.10011.1.26"/>
                        <name>${surveyRecord.deptName!'NA'}</name>
                        <!--DE08.10.054.00病区名称-->
                        <asOrganizationPartOf classCode="PART">
                          <wholeOrganization classCode="ORG" determinerCode="INSTANCE">
                            <id extension="${surveyRecord.areaName!'NA'}" root="2.16.156.10011.1.27"/>
                            <name>${surveyRecord.areaName!'NA'}</name>
                            <!--医疗机构名称-->
                            <asOrganizationPartOf classCode="PART">
                              <wholeOrganization classCode="ORG" determinerCode="INSTANCE">
                                <id extension="${surveyRecord.organCode!'NA'}" root="2.16.156.10011.1.5"/>
                                <name>${hospitalInfo.organName!'NA'}</name>
                              </wholeOrganization>
                            </asOrganizationPartOf>
                          </wholeOrganization>
                        </asOrganizationPartOf>
                      </wholeOrganization>
                    </asOrganizationPartOf>
                  </wholeOrganization>
                </asOrganizationPartOf>
              </wholeOrganization>
            </asOrganizationPartOf>
          </serviceProviderOrganization>
        </healthCareFacility>
      </location>
    </encompassingEncounter>
  </componentOf>
  <component>
    <structuredBody>
      <!--诊断记录章节-->
      <component>
        <section>
          <code code="29548-5" codeSystem="2.16.840.1.113883.6.1" codeSystemName="LOINC" displayName="Diagnosis"/>
          <text/>
          <!--条目：诊断-->
          <entry>
            <observation classCode="OBS" moodCode="EVN">
              <code code="DE05.01.024.00" codeSystem="2.16.156.10011.2.2.1" codeSystemName="卫生信息数据元目录" displayName="诊断代码"/>
              <!--诊断日期-->
              <effectiveTime value="${surveyRecord.diagnosisDate!'NA'}"/>
              <value code="${surveyRecord.diagCode!'NA'}" codeSystem="2.16.156.10011.2.3.3.11" codeSystemName="ICD-10" xsi:type="CD" displayName="<@dict_tag value="${surveyRecord.diagCode!'NA'}" datasetCloumn="DIAG_CODE">${dict.desc}</@dict_tag>"/>
              <performer>
                <assignedEntity>
                  <id/>
                  <representedOrganization>
                    <name>${surveyRecord.diagnosisOrganName!'NA'}</name>
                  </representedOrganization>
                </assignedEntity>
              </performer>
            </observation>
          </entry>
        </section>
      </component>
      <!--实验室检查章节-->
      <component>
        <section>
          <code code="30954-2" codeSystem="2.16.840.1.113883.6.1" codeSystemName="LOINC" displayName="STUDIES SUMMARY"/>
          <text/>
          <entry>
            <observation classCode="OBS" moodCode="EVN">
              <code code="DE02.10.027.00" codeSystem="2.16.156.10011.2.2.1" codeSystemName="卫生信息数据元目录" displayName="检验方法名称"/>
              <value xsi:type="ST">${surveyRecord.inspectionMethodName!'NA'}</value>
            </observation>
          </entry>
          <entry>
            <observation classCode="OBS" moodCode="EVN">
              <code code="DE04.30.018.00" codeSystem="2.16.156.10011.2.2.1" codeSystemName="卫生信息数据元目录" displayName="检验类别"/>
              <value xsi:type="ST">${surveyRecord.inspectionType!'NA'}</value>
            </observation>
          </entry>
          <entry>
            <organizer classCode="CLUSTER" moodCode="EVN">
              <statusCode/>
              <component>
                <observation classCode="OBS" moodCode="EVN">
                  <code code="DE04.30.019.00" codeSystem="2.16.156.10011.2.2.1" codeSystemName="卫生信息数据元目录" displayName="检验项目代码"/>
                  <!-- 检验时间 -->
                  <effectiveTime value="${surveyRecord.inspectionDate!'NA'}"/>
                  <value xsi:type="ST">${surveyRecord.inspectionItemCode!'NA'}</value>
                  <entryRelationship typeCode="COMP">
                    <observation classCode="OBS" moodCode="EVN">
                      <code code="DE04.50.134.00" codeSystem="2.16.156.10011.2.2.1" codeSystemName="卫生信息数据元目录" displayName="标本类别"/>
                      <effectiveTime>
                        <!-- DE04.50.137.00	标本采样日期时间 -->
                        <low value="${surveyRecord.specimenSampleDate!'NA'}"/>
                        <!-- DE04.50.141.00	接收标本日期时间 -->
                        <high value="${surveyRecord.receiveSpecimenDate!'NA'}"/>
                      </effectiveTime>
                      <value xsi:type="ST">${surveyRecord.sampleType!'NA'}</value>
                    </observation>
                  </entryRelationship>
                  <entryRelationship typeCode="COMP">
                    <observation classCode="OBS" moodCode="EVN">
                      <code code="DE04.50.135.00" codeSystem="2.16.156.10011.2.2.1" codeSystemName="卫生信息数据元目录" displayName="标本状态"/>
                      <value xsi:type="ST">${surveyRecord.sampleState!'NA'}</value>
                    </observation>
                  </entryRelationship>
                </observation>
              </component>
              <component>
                <observation classCode="OBS" moodCode="EVN">
                  <code code="DE04.30.017.00" codeSystem="2.16.156.10011.2.2.1" codeSystemName="卫生信息数据元目录" displayName="检验结果代码"/>
                  <value xsi:type="CD" code="${surveyRecord.inspectionResultCode!'NA'}" codeSystem="2.16.156.10011.2.3.2.38" codeSystemName="检查/检验结果代码表" displayName="<@dict_tag value="${surveyRecord.inspectionResultCode!'NA'}" datasetCloumn="INSPECTION_RESULT_CODE">${dict.desc}</@dict_tag>"/>
                </observation>
              </component>
              <#if surveyRecord.inspectionQuantifyResult??>
              <component>
                <observation classCode="OBS" moodCode="EVN">
                  <code code="DE04.30.015.00" codeSystem="2.16.156.10011.2.2.1" codeSystemName="卫生信息数据元目录" displayName="检验定量结果"/>
                  <value xsi:type="REAL" value="${surveyRecord.inspectionQuantifyResult!'NA'}"/>
                  <entryRelationship typeCode="COMP">
                    <observation classCode="OBS" moodCode="EVN">
                      <code code="DE04.30.016.00" displayName="检查定量结果计量单位" codeSystemName="卫生信息数据元目录" codeSystem="2.16.156.10011.2.2.1"/>
                      <value xsi:type="ST">${surveyRecord.examinationQuantifyUnit!'NA'}</value>
                    </observation>
                  </entryRelationship>
                </observation>
              </component>
              </#if>
            </organizer>
          </entry>
        </section>
      </component>
      <!--检验报告章节-->
      <component>
        <section>
          <code displayName="检验报告"/>
          <text/>
          <entry>
            <observation classCode="OBS" moodCode="EVN">
              <code code="DE04.50.130.00" codeSystem="2.16.156.10011.2.2.1" codeSystemName="卫生信息数据元目录" displayName="检验报告结果"/>
              <#if surveyRecord.inspectionReportResult??>
              <value xsi:type="ST">${surveyRecord.inspectionReportResult? replace('<','小于')? replace('>','大于')}</value>
              <#else>
              <value xsi:type="ST">${surveyRecord.inspectionReportResult!'NA'}</value>
              </#if>
            </observation>
          </entry>
          <entry>
            <observation classCode="OBS" moodCode="EVN">
              <code code="DE08.10.026.00" codeSystem="2.16.156.10011.2.2.1" codeSystemName="卫生信息数据元目录" displayName="检验报告科室"/>
              <value xsi:type="ST">${surveyRecord.inspectionReportRoom!'NA'}</value>
            </observation>
          </entry>
          <entry>
            <observation classCode="OBS" moodCode="EVN">
              <code code="DE08.10.013.00" codeSystem="2.16.156.10011.2.2.1" codeSystemName="卫生信息数据元目录" displayName="检验报告机构名称"/>
              <value xsi:type="ST">${surveyRecord.inspectionReportOrgan!'NA'}</value>
            </observation>
          </entry>
          <entry>
            <observation classCode="OBS" moodCode="EVN">
              <code code="DE06.00.179.00" codeSystem="2.16.156.10011.2.2.1" codeSystemName="卫生信息数据元目录" displayName="检验报告备注"/>
              <value xsi:type="ST">${surveyRecord.inspectionReportRemarks!'NA'}</value>
            </observation>
          </entry>
        </section>
      </component>
    </structuredBody>
  </component>
</ClinicalDocument>