﻿<?xml version="1.0" encoding="UTF-8"?>

<ClinicalDocument xmlns="urn:hl7-org:v3" xmlns:mif="urn:hl7-org:v3/mif" xmlns:xsi="http://www.w3.org/2001/XMLSchema-instance" xsi:schemaLocation="urn:hl7-org:v3 ..\sdschemas\CDA.xsd">
  <realmCode code="CN"/>
  <typeId extension="POCD_MT000040" root="2.16.840.1.113883.1.3"/>
  <templateId root="2.16.156.10011.2.1.1.45"/>
  <!-- 文档流水号 -->
  <id extension="${docInfo.docId}" root="2.16.156.10011.1.1"/>
  <code code="C0025" codeSystem="2.16.156.10011.2.4" codeSystemName="卫生信息共享文档规范编码体系"/>
  <title>出院评估与指导</title>
  <!-- 文档机器生成时间 -->
  <effectiveTime value="${docInfo.effectiveTime}"/>
  <confidentialityCode code="N" codeSystem="2.16.840.1.113883.5.25" codeSystemName="Confidentiality" displayName="正常访问保密级别"/>
  <languageCode code="zh-CN"/>
  <setId/>
  <versionNumber/>
  <!--文档记录对象 用于表达此文档的患者信息 -->
  <recordTarget contextControlCode="OP" typeCode="RCT">
    <patientRole classCode="PAT">
      <!-- DE01.00.021.00健康卡号-->
      <id extension="${emrBasicpatient.healthCardNo!'NA'}" root="2.16.156.10011.1.19"/>
      <!-- HDSD00.09.085 DE01.00.014.00 住院号-->
      <id extension="${dischargeAssessment.inpNo!'NA'}" root="2.16.156.10011.1.12"/>
      <patient classCode="PSN" determinerCode="INSTANCE">
        <!-- DE02.01.030.00患者的身份证件上的唯一法定标识符 -->
        <id extension="<@privacy_tag value="${emrBasicpatient.identityNo!'000000000000000000'}" privacyId="1">${privacy}</@privacy_tag>" root="2.16.156.10011.1.3"/>
        <!-- HDSD00.09.029 DE02.01.039.00 患者姓名 -->
        <name><@privacy_tag value="${dischargeAssessment.patientName!'NA'}" privacyId="2">${privacy}</@privacy_tag></name>
        <!-- HDSD00.09.071 DE02.01.040.00 性别代码 -->
        <administrativeGenderCode code="${dischargeAssessment.sexCode!'NA'}" codeSystem="2.16.156.10011.2.3.3.4" codeSystemName="生理性别代码表(GB/T 2261.1)" displayName="<@dict_tag value="${dischargeAssessment.sexCode!'NA'}" datasetCloumn="SEX_CODE">${dict.desc}</@dict_tag>"/>
        <#if dischargeAssessment.ageYear??>
        <age unit="岁" value="${dischargeAssessment.ageYear!'NA'}"/>
        <#else>
        <age unit="月" value="${dischargeAssessment.patientMonth!'NA'}"/>
        </#if>
      </patient>
      <providerOrganization>
        <asOrganizationPartOf classCode="PART">
          <!--HDSD00.09.003 DE01.00.026.00 病床号 -->
          <wholeOrganization classCode="ORG" determinerCode="INSTANCE">
            <id extension="${dischargeAssessment.bedNo!'NA'}" root="2.16.156.10011.1.22"/>
            <name>${dischargeAssessment.bedNo!'NA'}</name>
            <asOrganizationPartOf classCode="PART">
              <!--HDSD00.09.004 DE01.00.019.00 病房号 -->
              <wholeOrganization classCode="ORG" determinerCode="INSTANCE">
                <id extension="${dischargeAssessment.wardNo!'NA'}" root="2.16.156.10011.1.21"/>
                <name>${dischargeAssessment.wardNo!'NA'}</name>
                <asOrganizationPartOf classCode="PART">
                  <!--HDSD00.09.036 DE08.10.026.00 科室名称 -->
                  <wholeOrganization classCode="ORG" determinerCode="INSTANCE">
                    <id extension="${dischargeAssessment.deptName!'NA'}" root="2.16.156.10011.1.26"/>
                    <name>${dischargeAssessment.deptName!'NA'}</name>
                    <asOrganizationPartOf classCode="PART">
                      <!--HDSD00.09.005 DE08.10.054.00 病区名称 -->
                      <wholeOrganization classCode="ORG" determinerCode="INSTANCE">
                        <id extension="${dischargeAssessment.areaName!'NA'}" root="2.16.156.10011.1.27"/>
                        <name>${dischargeAssessment.areaName!'NA'}</name>
                        <asOrganizationPartOf classCode="PART">
                          <!--医疗机构名称 -->
                          <wholeOrganization classCode="ORG" determinerCode="INSTANCE">
                            <id extension="${hospitalInfo.organCode!'NA'}" root="2.16.156.10011.1.5"/>
                            <name>${hospitalInfo.organName!'NA'}</name>
                          </wholeOrganization>
                        </asOrganizationPartOf>
                      </wholeOrganization>
                    </asOrganizationPartOf>
                  </wholeOrganization>
                </asOrganizationPartOf>
              </wholeOrganization>
            </asOrganizationPartOf>
          </wholeOrganization>
        </asOrganizationPartOf>
      </providerOrganization>
    </patientRole>
  </recordTarget>
  <!-- 创作者 -->
  <author contextControlCode="OP" typeCode="AUT">
    <!-- 填表日期 -->
    <time value="${dischargeAssessment.signDatetime!'NA'}"/>
    <assignedAuthor classCode="ASSIGNED">
      <id extension="${dischargeAssessment.nursingSign!'NA'}" root="2.16.156.10011.1.7"/>
      <assignedPerson>
        <!-- 访视医生姓名 -->
        <name>${dischargeAssessment.nursingSign!'NA'}</name>
      </assignedPerson>
    </assignedAuthor>
  </author>
  <!--文档管理者 -->
  <custodian typeCode="CST">
    <assignedCustodian classCode="ASSIGNED">
      <representedCustodianOrganization classCode="ORG" determinerCode="INSTANCE">
        <id extension="${hospitalInfo.organCode!'NA'}" root="2.16.156.10011.1.5"/>
        <name>${hospitalInfo.organName!'NA'}</name>
      </representedCustodianOrganization>
    </assignedCustodian>
  </custodian>
  <!--文档审核者 该部分信息表达文档经过了一定的审核，但还没达到一定的法律效应 -->
  <authenticator typeCode="AUTHEN">
    <!--HDSD00.09.047 DE09.00.053.00 签名日期时间 -->
    <time value="${dischargeAssessment.signDatetime!'NA'}"/>
    <signatureCode code="S"/>
    <assignedEntity classCode="ASSIGNED">
      <id extension="${dischargeAssessment.nursingSign!'NA'}" root="2.16.156.10011.1.4"/>
      <assignedPerson classCode="PSN">
        <!--HDSD00.09.025 DE02.01.039.00 护士签名 -->
        <name>${dischargeAssessment.nursingSign!'NA'}</name>
      </assignedPerson>
    </assignedEntity>
  </authenticator>
  <relatedDocument typeCode="RPLC">
    <parentDocument>
      <id/>
      <setId/>
      <versionNumber/>
    </parentDocument>
  </relatedDocument>
  <component>
    <structuredBody>
      <!--出院诊断章节-->
      <component>
        <section>
          <code code="11535-2" codeSystem="2.16.840.1.113883.6.1" codeSystemName="LOINC" displayName="Discharge Diagnosis"/>
          <text/>
          <entry>
            <observation classCode="OBS" moodCode="EVN">
              <code code="DE05.01.024.00" codeSystem="2.16.156.10011.2.2.1" codeSystemName="卫生信息数据元目录" displayName="出院诊断编码"/>
              <!--HDSD00.09.008 DE05.01.024.00 出院诊断编码 -->
              <value code="${dischargeAssessment.dishospitalDiagCode!'NA'}" codeSystem="2.16.156.10011.2.3.3.11" codeSystemName="ICD-10" displayName="<@dict_tag value="${dischargeAssessment.dishospitalDiagCode!'NA'}" datasetCloumn="DISHOSPITAL_DIAG_CODE">${dict.desc}</@dict_tag>" xsi:type="CD"/>
            </observation>
          </entry>
          <entry>
            <observation classCode="OBS" moodCode="EVN">
              <code code="DE06.00.017.00" codeSystem="2.16.156.10011.2.2.1" codeSystemName="卫生信息数据元目录" displayName="出院日期时间"/>
              <!--HDSD00.09.007 DE06.00.017.00 出院日期时间 -->
              <value value="${dischargeAssessment.dishospitalDatetime!'NA'}" xsi:type="TS"/>
            </observation>
          </entry>
          <entry>
            <observation classCode="OBS" moodCode="EVN">
              <code code="DE06.00.193.00" codeSystem="2.16.156.10011.2.2.1" codeSystemName="卫生信息数据元目录" displayName="出院情况"/>
              <!--HDSD00.09.006 DE06.00.193.00 出院情况 -->
              <value xsi:type="ST">${dischargeAssessment.dishospitalStatus!'NA'}</value>
            </observation>
          </entry>
          <entry>
            <observation classCode="OBS" moodCode="EVN">
              <code code="DE06.00.223.00" codeSystem="2.16.156.10011.2.2.1" codeSystemName="卫生信息数据元目录" displayName="离院方式代码"/>
              <!--HDSD00.09.037 DE06.00.223.00 离院方式代码 -->
              <value code="${dischargeAssessment.dishospitalDispositionCode!'NA'}" codeSystem="2.16.156.10011.2.3.1.265" codeSystemName="离院方式代码表" displayName="<@dict_tag value="${dischargeAssessment.dishospitalDispositionCode!'NA'}" datasetCloumn="DISHOSPITAL_DISPOSITION_CODE">${dict.desc}</@dict_tag>" xsi:type="CD"/>
            </observation>
          </entry>
        </section>
      </component>
      <!--健康指导章节 -->
      <component>
        <section>
          <code code="69730-0" codeSystem="2.16.840.1.113883.6.1" codeSystemName="LOINC" displayName="Instructions"/>
          <text/>
          <entry>
            <observation classCode="OBS" moodCode="EVN">
              <code code="DE06.00.291.00" codeSystem="2.16.156.10011.2.2.1" codeSystemName="卫生信息数据元目录" displayName="饮食指导代码"/>
              <!--HDSD00.09.077 DE03.00.080.00 饮食情况代码 -->
              <value code="${dischargeAssessment.dietGuideCode!'NA'}" codeSystem="2.16.156.10011.2.3.1.263" codeSystemName="饮食指导代码表" displayName="<@dict_tag value="${dischargeAssessment.dietGuideCode!'NA'}" datasetCloumn="DIET_GUIDE_CODE">${dict.desc}</@dict_tag>" xsi:type="CD"/>
            </observation>
          </entry>
          <entry>
            <observation classCode="OBS" moodCode="EVN">
              <code code="DE06.00.238.00" codeSystem="2.16.156.10011.2.2.1" codeSystemName="卫生信息数据元目录" displayName="生活方式指导"/>
              <!--HDSD00.09.055 DE06.00.238.00 生活方式指导 -->
              <value xsi:type="ST">${dischargeAssessment.lifestyleCounselling!'NA'}</value>
            </observation>
          </entry>
          <entry>
            <observation classCode="OBS" moodCode="EVN">
              <code code="DE06.00.124.00" codeSystem="2.16.156.10011.2.2.1" codeSystemName="卫生信息数据元目录" displayName="宣教内容"/>
              <!--HDSD00.09.072 DE06.00.124.00 宣教内容 -->
              <value xsi:type="ST">${dischargeAssessment.educationalContents!'NA'}</value>
            </observation>
          </entry>
          <entry>
            <observation classCode="OBS" moodCode="EVN">
              <code code="DE06.00.299.00" codeSystem="2.16.156.10011.2.2.1" codeSystemName="卫生信息数据元目录" displayName="复诊指导"/>
              <!--HDSD00.09.012 DE06.00.299.00 复诊指导 -->
              <value xsi:type="ST">${dischargeAssessment.secondClinic!'NA'}</value>
            </observation>
          </entry>
          <entry>
            <observation classCode="OBS" moodCode="EVN">
              <code code="DE06.00.136.00" codeSystem="2.16.156.10011.2.2.1" codeSystemName="卫生信息数据元目录" displayName="用药指导"/>
              <!--HDSD00.09.080 DE06.00.136.00 用药指导 -->
              <value xsi:type="ST">${dischargeAssessment.drugUsage!'NA'}</value>
            </observation>
          </entry>
        </section>
      </component>
      <!--健康评估章节 -->
      <component>
        <section>
          <code code="51848-0" codeSystem="2.16.840.1.113883.6.1" codeSystemName="LOINC" displayName="Assessment note"/>
          <text/>
          <entry>
            <observation classCode="OBS" moodCode="EVN">
              <code code="DE05.10.122.00" codeSystem="2.16.156.10011.2.2.1" codeSystemName="卫生信息数据元目录" displayName="自理能力代码"/>
              <!--HDSD00.09.086 DE05.10.122.00 自理能力代码 -->
              <value code="${dischargeAssessment.selfCareStatus!'NA'}" codeSystem="2.16.156.10011.2.3.2.55" codeSystemName="自理能力代码表" displayName="<@dict_tag value="${dischargeAssessment.selfCareStatus!'NA'}" datasetCloumn="SELF_CARE_STATUS">${dict.desc}</@dict_tag>" xsi:type="CD"/>
            </observation>
          </entry>
          <entry>
            <observation classCode="OBS" moodCode="EVN">
              <code code="DE03.00.080.00" codeSystem="2.16.156.10011.2.2.1" codeSystemName="卫生信息数据元目录" displayName="饮食情况代码"/>
              <!--HDSD00.09.077 DE03.00.080.00 饮食情况代码 -->
              <value code="${dischargeAssessment.dietaryStatusCode!'NA'}" codeSystem="2.16.156.10011.2.3.2.34" codeSystemName="饮食情况代码表" displayName="<@dict_tag value="${dischargeAssessment.dietaryStatusCode!'NA'}" datasetCloumn="DIETARY_STATUS_CODE">${dict.desc}</@dict_tag>" xsi:type="CD"/>
            </observation>
          </entry>
        </section>
      </component>
    </structuredBody>
  </component>
</ClinicalDocument>