﻿<?xml version="1.0" encoding="UTF-8"?>

<ClinicalDocument xmlns="urn:hl7-org:v3" xmlns:mif="urn:hl7-org:v3/mif" xmlns:xsi="http://www.w3.org/2001/XMLSchema-instance" xsi:schemaLocation="urn:hl7-org:v3 ..\sdschemas\CDA.xsd">
  <realmCode code="CN"/>
  <typeId extension="POCD_MT000040" root="2.16.840.1.113883.1.3"/>
  <templateId root="2.16.156.10011.2.1.1.56"/>
  <!-- 文档流水号 -->
  <id extension="${docInfo.docId}" root="2.16.156.10011.1.1"/>
  <code code="C0036" codeSystem="2.16.156.10011.2.4" codeSystemName="卫生信息共享文档规范编码体系"/>
  <title>24h内入院死亡记录</title>
  <!-- 文档机器生成时间 -->
  <effectiveTime value="${docInfo.effectiveTime}"/>
  <confidentialityCode code="N" codeSystem="2.16.840.1.113883.5.25" codeSystemName="Confidentiality" displayName="正常访问保密级别"/>
  <languageCode code="zh-CN"/>
  <setId/>
  <versionNumber/>
  <!--文档记录对象（患者） [1..*] contextControlCode="OP"表示本信息可以被重载-->
  <recordTarget contextControlCode="OP" typeCode="RCT">
    <patientRole classCode="PAT">
      <!--住院号标识-->
      <id extension="${hours24AdmissionDeathRecord.inpNo!'NA'}" root="2.16.156.10011.1.12"/>
      <!-- 现住址 -->
      <addr use="H">
        <houseNumber>${hours24AdmissionDeathRecord.addressDoors!'NA'}</houseNumber>
        <streetName>${hours24AdmissionDeathRecord.addressVillage!'NA'}</streetName>
        <township>${hours24AdmissionDeathRecord.addressTownship!'NA'}</township>
        <county>${hours24AdmissionDeathRecord.addressCounty!'NA'}</county>
        <city>${hours24AdmissionDeathRecord.addressCity!'NA'}</city>
        <state>${hours24AdmissionDeathRecord.addressProvince!'NA'}</state>
      </addr>
      <patient classCode="PSN" determinerCode="INSTANCE">
        <!--患者身份证号-->
        <id extension="<@privacy_tag value="${emrBasicpatient.identityNo!'000000000000000000'}" privacyId="1">${privacy}</@privacy_tag>" root="2.16.156.10011.1.3"/>
        <name><@privacy_tag value="${hours24AdmissionDeathRecord.patientName!'NA'}" privacyId="2">${privacy}</@privacy_tag></name>
        <administrativeGenderCode code="${hours24AdmissionDeathRecord.patientSex!'NA'}" codeSystem="2.16.156.10011.2.3.3.4" codeSystemName="生理性别代码表(GB/T 2261.1)" displayName="<@dict_tag value="${hours24AdmissionDeathRecord.patientSex!'NA'}" datasetCloumn="PATIENT_SEX">${dict.desc}</@dict_tag>"/>
        <maritalStatusCode code="${hours24AdmissionDeathRecord.maritalStatusCode!'NA'}" codeSystem="2.16.156.10011.2.3.3.5" codeSystemName="婚姻状况代码表(GB/T 2261.2)" displayName="<@dict_tag value="${hours24AdmissionDeathRecord.maritalStatusCode!'NA'}" datasetCloumn="MARITAL_STATUS_CODE">${dict.desc}</@dict_tag>"/>
        <ethnicGroupCode code="${hours24AdmissionDeathRecord.nation!'NA'}" codeSystem="2.16.156.10011.2.3.3.3" codeSystemName="民族类别代码表(GB 3304)" displayName="<@dict_tag value="${hours24AdmissionDeathRecord.nation!'NA'}" datasetCloumn="NATION">${dict.desc}</@dict_tag>"/>
        <!-- 年龄 -->
        <#if hours24AdmissionDeathRecord.ageYear??>
        <age unit="岁" value="${hours24AdmissionDeathRecord.ageYear!'NA'}"/>
        <#else>
        <age unit="月" value="${hours24AdmissionDeathRecord.patientMonth!'NA'}"/>
        </#if>
        <!--职业状况-->
        <occupation>
          <occupationCode code="${hours24AdmissionDeathRecord.occupatientionClassCode!'NA'}" codeSystem="2.16.156.10011.2.3.3.13" codeSystemName="从业状况(个人身体)代码表(GB/T 2261.4)" displayName="<@dict_tag value="${hours24AdmissionDeathRecord.occupatientionClassCode!'NA'}" datasetCloumn="OCCUPATIENTION_CLASS_CODE">${dict.desc}</@dict_tag>"/>
        </occupation>
      </patient>
    </patientRole>
  </recordTarget>
  <!-- 文档创作者 -->
  <author contextControlCode="OP" typeCode="AUT">
    <time value="${hours24AdmissionDeathRecord.inpDate!'NA'}"/>
    <assignedAuthor classCode="ASSIGNED">
      <id extension="${hours24AdmissionDeathRecord.receiveDoctorSign!'NA'}" root="2.16.156.10011.1.7"/>
      <assignedPerson>
        <name>${hours24AdmissionDeathRecord.receiveDoctorSign!'NA'}</name>
      </assignedPerson>
    </assignedAuthor>
  </author>
  <!-- 病史陈述者 -->
  <informant>
    <assignedEntity>
      <id/>
      <!--陈述者与患者的关系代码-->
      <code code="${hours24AdmissionDeathRecord.presenterPatientRelatCode!'NA'}" codeSystem="2.16.156.10011.2.3.3.8" codeSystemName="家庭关系代码表(GB/T 4761)" displayName="<@dict_tag value="${hours24AdmissionDeathRecord.presenterPatientRelatCode!'NA'}" datasetCloumn="PRESENTER_PATIENT_RELAT_CODE">${dict.desc}</@dict_tag>"/>
      <assignedPerson>
      <!-- 病史陈述者姓名 -->
        <name>${hours24AdmissionDeathRecord.medicalhisName!'NA'}</name>
      </assignedPerson>
    </assignedEntity>
  </informant>
  <!-- 保管机构 -->
  <custodian typeCode="CST">
    <assignedCustodian classCode="ASSIGNED">
      <representedCustodianOrganization classCode="ORG" determinerCode="INSTANCE">
        <id extension="${hospitalInfo.organCode!'NA'}" root="2.16.156.10011.1.5"/>
        <name>${hospitalInfo.organName!'NA'}</name>
      </representedCustodianOrganization>
    </assignedCustodian>
  </custodian>
  <!-- 最终审核者签名 -->
  <legalAuthenticator>
    <time/>
    <signatureCode/>
    <assignedEntity>
      <id extension="${hours24AdmissionDeathRecord.archiaterDoctorSign!'NA'}" root="2.16.156.10011.1.4"/>
      <code displayName="主任医师"/>
      <assignedPerson>
        <name>${hours24AdmissionDeathRecord.archiaterDoctorSign!'NA'}</name>
      </assignedPerson>
    </assignedEntity>
  </legalAuthenticator>
  <!-- 接诊医师签名 -->
  <authenticator>
    <time/>
    <signatureCode/>
    <assignedEntity>
      <id extension="${hours24AdmissionDeathRecord.receiveDoctorSign!'NA'}" root="2.16.156.10011.1.4"/>
      <code displayName="接诊医师"/>
      <assignedPerson>
        <name>${hours24AdmissionDeathRecord.receiveDoctorSign!'NA'}</name>
      </assignedPerson>
    </assignedEntity>
  </authenticator>
  <!--住院医师签名-->
  <authenticator>
    <time/>
    <signatureCode/>
    <assignedEntity>
      <id extension="${hours24AdmissionDeathRecord.inpDoctorSign!'NA'}" root="2.16.156.10011.1.4"/>
      <code displayName="住院医师"/>
      <assignedPerson>
        <name>${hours24AdmissionDeathRecord.inpDoctorSign!'NA'}</name>
      </assignedPerson>
    </assignedEntity>
  </authenticator>
  <!--主治医师签名-->
  <authenticator>
    <time/>
    <signatureCode/>
    <assignedEntity>
      <id extension="${hours24AdmissionDeathRecord.physicianDoctorSign!'NA'}" root="2.16.156.10011.1.4"/>
      <code displayName="主治医师"/>
      <assignedPerson>
        <name>${hours24AdmissionDeathRecord.physicianDoctorSign!'NA'}</name>
      </assignedPerson>
    </assignedEntity>
  </authenticator>
  <relatedDocument typeCode="RPLC">
    <parentDocument classCode="DOCCLIN" moodCode="EVN">
      <id/>
      <setId/>
      <versionNumber/>
    </parentDocument>
  </relatedDocument>
  <!-- 病床号、病房、病区、科室和医院的关联 -->
  <componentOf>
    <encompassingEncounter>
      <effectiveTime>
        <!-- 入院日期时间 -->
        <low value="${hours24AdmissionDeathRecord.inpDate!'NA'}"/>
        <!-- 死亡日期时间 -->
        <high value="${hours24AdmissionDeathRecord.deathDate!'NA'}"/>
      </effectiveTime>
    </encompassingEncounter>
  </componentOf>
  <component>
    <structuredBody>
      <!--主诉章节-->
      <component>
        <section>
          <code code="10154-3" codeSystem="2.16.840.1.113883.6.1" codeSystemName="LOINC" displayName="CHIEF COMPLAINT"/>
          <text/>
          <!--主诉条目-->
          <entry>
            <observation classCode="OBS" moodCode="EVN">
              <code code="DE04.01.119.00" codeSystem="2.16.156.10011.2.2.1" codeSystemName="卫生信息数据元目录" displayName="主诉"/>
              <value xsi:type="ST"/>
            </observation>
          </entry>
        </section>
      </component>
      <!--主要健康问题章节 -->
      <component>
        <section>
          <code code="11450-4" codeSystem="2.16.840.1.113883.6.1" codeSystemName="LOINC" displayName="PROBLEM LIST"/>
          <text/>
          <!--陈述内容可靠标志-->
          <entry>
            <observation classCode="OBS" moodCode="EVN">
              <code code="DE05.10.143.00" codeSystem="2.16.156.10011.2.2.1" codeSystemName="卫生信息数据元目录" displayName="陈述内容可靠标志"/>
              <value value="${hours24AdmissionDeathRecord.isCredible!'NA'}" xsi:type="BL"/>
            </observation>
          </entry>
          <!--中医“四诊”观察结果-->
          <entry>
            <observation classCode="OBS" moodCode="EVN">
              <code code="DE02.10.028.00" codeSystem="2.16.156.10011.2.2.1" codeSystemName="卫生信息数据元目录" displayName="中医“四诊”观察结果"/>
              <value xsi:type="ST">${hours24AdmissionDeathRecord.tcmFourResults!'NA'}</value>
            </observation>
          </entry>
        </section>
      </component>
      <!--入院诊断章节-->
      <component>
        <section>
          <code code="46241-6" codeSystem="2.16.840.1.113883.6.1" codeSystemName="LOINC" displayName="HOSPITAL ADMISSION DX"/>
          <text/>
          <!--入院诊断-西医条目-->
          <entry>
            <observation classCode="OBS" moodCode="EVN">
              <code code="DE05.01.025.00" codeSystem="2.16.156.10011.2.2.1" codeSystemName="卫生信息数据元目录" displayName="入院诊断-西医诊断名称"/>
              <value xsi:type="ST">${hours24AdmissionDeathRecord.inpWmDiagname!'NA'}</value>
              <entryRelationship typeCode="COMP">
                <observation classCode="OBS" moodCode="EVN">
                  <!--入院诊断-西医诊断编码-代码-->
                  <code code="DE05.01.024.00" codeSystem="2.16.156.10011.2.2.1" codeSystemName="卫生信息数据元目录" displayName="入院诊断-西医诊断编码"/>
                  <value code="${hours24AdmissionDeathRecord.inhosDiagWmDiagCode!'NA'}" codeSystem="2.16.156.10011.2.3.3.11" codeSystemName="ICD-10" displayName="<@dict_tag value="${hours24AdmissionDeathRecord.inhosDiagWmDiagCode!'NA'}" datasetCloumn="INHOS_DIAG_WM_DIAG_CODE">${dict.desc}</@dict_tag>" xsi:type="CD"/>
                </observation>
              </entryRelationship>
            </observation>
          </entry>
          <#if hours24AdmissionDeathRecord.inhosDiagCmDisCode??>
          <!--入院诊断-中医条目-->
          <entry>
            <observation classCode="OBS" moodCode="EVN">
              <code code="DE05.10.172.00" codeSystem="2.16.156.10011.2.2.1" codeSystemName="卫生信息数据元目录" displayName="入院诊断-中医病名名称"/>
              <value xsi:type="ST">${hours24AdmissionDeathRecord.inpTcmDiagname!'NA'}</value>
              <entryRelationship typeCode="COMP">
                <observation classCode="OBS" moodCode="EVN">
                  <!--入院诊断-中医诊断编码-代码-->
                  <code code="DE05.10.130.00" codeSystem="2.16.156.10011.2.2.1" codeSystemName="卫生信息数据元目录" displayName="入院诊断-中医病名代码"/>
                  <value code="${hours24AdmissionDeathRecord.inhosDiagCmDisCode!'NA'}" codeSystem="2.16.156.10011.2.3.3.14" codeSystemName="中医病证分类与代码表( GB/T 15657)" displayName="<@dict_tag value="${hours24AdmissionDeathRecord.inhosDiagCmDisCode!'NA'}" datasetCloumn="INHOS_DIAG_CM_DIS_CODE">${dict.desc}</@dict_tag>" xsi:type="CD"/>
                </observation>
              </entryRelationship>
              <entryRelationship typeCode="COMP">
                <observation classCode="OBS" moodCode="EVN">
                  <!--入院诊断-中医证候编码-名称-->
                  <code code="DE05.10.172.00" codeSystem="2.16.156.10011.2.2.1" codeSystemName="卫生信息数据元目录" displayName="入院诊断-中医证候名称"/>
                  <value xsi:type="ST">${hours24AdmissionDeathRecord.inpTcmSymptomname!'NA'}</value>
                </observation>
              </entryRelationship>
              <entryRelationship typeCode="COMP">
                <observation classCode="OBS" moodCode="EVN">
                  <!--入院诊断-中医证候编码-代码-->
                  <code code="DE05.10.130.00" codeSystem="2.16.156.10011.2.2.1" codeSystemName="卫生信息数据元目录" displayName="入院诊断-中医证候代码"/>
                  <value code="${hours24AdmissionDeathRecord.inhosDiagCmSyndromeCode!'NA'}" codeSystem="2.16.156.10011.2.3.3.14" codeSystemName="中医病证分类与代码表( GB/T 15657)" displayName="<@dict_tag value="${hours24AdmissionDeathRecord.inhosDiagCmSyndromeCode!'NA'}" datasetCloumn="INHOS_DIAG_CM_SYNDROME_CODE">${dict.desc}</@dict_tag>" xsi:type="CD"/>
                </observation>
              </entryRelationship>
            </observation>
          </entry>
          </#if>
        </section>
      </component>
      <!--治疗计划章节-->
      <component>
        <section>
          <code code="18776-5" codeSystem="2.16.840.1.113883.6.1" codeSystemName="LOINC" displayName="TREATMENT PLAN"/>
          <text/>
          <!--治则治法条目-->
          <entry>
            <observation classCode="OBS" moodCode="INT">
              <code code="DE06.00.300.00" codeSystem="2.16.156.10011.2.2.1" codeSystemName="卫生信息数据元目录" displayName="治则治法"/>
              <value xsi:type="ST">${hours24AdmissionDeathRecord.therapeuticPrinciple!'NA'}</value>
            </observation>
          </entry>
        </section>
      </component>
      <!--住院过程章节-->
      <component>
        <section>
          <code code="8648-8" codeSystem="2.16.840.1.113883.6.1" codeSystemName="LOINC" displayName="HOSPITAL COURSE"/>
          <text/>
          <!--入院情况条目-->
          <entry>
            <observation classCode="OBS" moodCode="EVN">
              <code code="DE05.10.148.00" codeSystem="2.16.156.10011.2.2.1" codeSystemName="卫生信息数据元目录" displayName="入院情况"/>
              <value xsi:type="ST">${hours24AdmissionDeathRecord.inpSituation!'NA'}</value>
            </observation>
          </entry>
          <!--诊疗过程描述条目-->
          <entry>
            <observation classCode="OBS" moodCode="EVN">
              <code code="DE06.00.296.00" codeSystem="2.16.156.10011.2.2.1" codeSystemName="卫生信息数据元目录" displayName="诊疗过程描述"/>
              <value xsi:type="ST">${hours24AdmissionDeathRecord.diagProcessDesc!'NA'}</value>
            </observation>
          </entry>
          <!--死亡日期时间条目-->
          <entry>
            <observation classCode="OBS" moodCode="EVN">
              <code code="DE02.01.036.00" codeSystem="2.16.156.10011.2.2.1" codeSystemName="卫生信息数据元目录" displayName="死亡日期时间"/>
              <effectiveTime>
                <high value="${hours24AdmissionDeathRecord.deathDate!'NA'}"/>
              </effectiveTime>
            </observation>
          </entry>
          <!--死亡原因条目-->
          <entry>
            <observation classCode="OBS" moodCode="EVN">
              <code code="DE05.10.099.00" codeSystem="2.16.156.10011.2.2.1" codeSystemName="卫生信息数据元目录" displayName="死亡原因"/>
              <value xsi:type="ST">${hours24AdmissionDeathRecord.deathReason!'NA'}</value>
            </observation>
          </entry>
          <!--死亡诊断-西医条目-->
          <entry>
            <observation classCode="OBS" moodCode="EVN">
              <code code="DE05.01.025.00" codeSystem="2.16.156.10011.2.2.1" codeSystemName="卫生信息数据元目录" displayName="死亡诊断-西医诊断名称"/>
              <value xsi:type="ST">${hours24AdmissionDeathRecord.deathWmDiagname!'NA'}</value>
              <entryRelationship typeCode="COMP">
                <observation classCode="OBS" moodCode="EVN">
                  <!--死亡诊断-西医诊断编码-代码-->
                  <code code="DE05.01.024.00" codeSystem="2.16.156.10011.2.2.1" codeSystemName="卫生信息数据元目录" displayName="死亡诊断-西医诊断编码"/>
                  <value code="${hours24AdmissionDeathRecord.deathWmDiagcode!'NA'}" codeSystem="2.16.156.10011.2.3.3.11" codeSystemName="ICD-10" displayName="<@dict_tag value="${hours24AdmissionDeathRecord.deathWmDiagcode!'NA'}" datasetCloumn="DEATH_WM_DIAGCODE">${dict.desc}</@dict_tag>" xsi:type="CD"/>
                </observation>
              </entryRelationship>
            </observation>
          </entry>
          <#if hours24AdmissionDeathRecord.deathDiagCmDisCode??>
          <!--死亡诊断-中医条目-->
          <entry>
            <observation classCode="OBS" moodCode="EVN">
              <code code="DE05.10.172.00" codeSystem="2.16.156.10011.2.2.1" codeSystemName="卫生信息数据元目录" displayName="死亡诊断-中医病名名称"/>
              <value xsi:type="ST">${hours24AdmissionDeathRecord.deathTcmDiagname!'NA'}</value>
              <entryRelationship typeCode="COMP">
                <observation classCode="OBS" moodCode="EVN">
                  <!--死亡诊断-中医诊断编码-代码-->
                  <code code="DE05.10.130.00" codeSystem="2.16.156.10011.2.2.1" codeSystemName="卫生信息数据元目录" displayName="死亡诊断-中医病名代码"/>
                  <value code="${hours24AdmissionDeathRecord.deathDiagCmDisCode!'NA'}" codeSystem="2.16.156.10011.2.3.3.14" codeSystemName="中医病证分类与代码表( GB/T 15657)" displayName="<@dict_tag value="${hours24AdmissionDeathRecord.deathDiagCmDisCode!'NA'}" datasetCloumn="DEATH_DIAG_CM_DIS_CODE">${dict.desc}</@dict_tag>" xsi:type="CD"/>
                </observation>
              </entryRelationship>
              <entryRelationship typeCode="COMP">
                <observation classCode="OBS" moodCode="EVN">
                  <!--死亡诊断-中医证候编码-名称-->
                  <code code="DE05.10.172.00" codeSystem="2.16.156.10011.2.2.1" codeSystemName="卫生信息数据元目录" displayName="死亡诊断-中医证候名称"/>
                  <value xsi:type="ST">${hours24AdmissionDeathRecord.deathTcmSymptomname!'NA'}</value>
                </observation>
              </entryRelationship>
              <entryRelationship typeCode="COMP">
                <observation classCode="OBS" moodCode="EVN">
                  <!--死亡诊断-中医证候代码-名称-->
                  <code code="DE05.10.130.00" codeSystem="2.16.156.10011.2.2.1" codeSystemName="卫生信息数据元目录" displayName="死亡诊断-中医证候代码"/>
                  <value code="${hours24AdmissionDeathRecord.deathDiagCmSyndromeCode!'NA'}" codeSystem="2.16.156.10011.2.3.3.14" codeSystemName="中医病证分类与代码表( GB/T 15657)" displayName="<@dict_tag value="${hours24AdmissionDeathRecord.deathDiagCmSyndromeCode!'NA'}" datasetCloumn="DEATH_DIAG_CM_SYNDROME_CODE">${dict.desc}</@dict_tag>" xsi:type="CD"/>
                </observation>
              </entryRelationship>
            </observation>
          </entry>
          </#if>
        </section>
      </component>
    </structuredBody>
  </component>
</ClinicalDocument>