﻿<?xml version="1.0" encoding="UTF-8"?>

<ClinicalDocument xmlns="urn:hl7-org:v3" xmlns:mif="urn:hl7-org:v3/mif" xmlns:xsi="http://www.w3.org/2001/XMLSchema-instance" xsi:schemaLocation="urn:hl7-org:v3 ..\sdschemas\CDA.xsd">
  <realmCode code="CN"/>
  <typeId extension="POCD_MT000040" root="2.16.840.1.113883.1.3"/>
  <templateId root="2.16.156.10011.2.1.1.63"/>
  <!-- 文档流水号 -->
  <id extension="${docInfo.docId}" root="2.16.156.10011.1.1"/>
  <code code="C0043" codeSystem="2.16.156.10011.2.4" codeSystemName="卫生信息共享文档规范编码体系"/>
  <title>阶段小结</title>
  <!-- 文档机器生成时间 -->
  <effectiveTime value="${docInfo.effectiveTime}"/>
  <confidentialityCode code="N" codeSystem="2.16.840.1.113883.5.25" codeSystemName="Confidentiality" displayName="正常访问保密级别"/>
  <languageCode code="zh-CN"/>
  <setId/>
  <versionNumber/>
  <!--文档记录对象（患者） [1..*] contextControlCode="OP"表示本信息可以被重载-->
  <recordTarget contextControlCode="OP" typeCode="RCT">
    <patientRole classCode="PAT">
      <!--住院号标识-->
      <id extension="${phaseSummary.inpNo!'NA'}" root="2.16.156.10011.1.12"/>
      <patient classCode="PSN" determinerCode="INSTANCE">
        <!--患者身份证号-->
        <id extension="<@privacy_tag value="${emrBasicpatient.identityNo!'000000000000000000'}" privacyId="1">${privacy}</@privacy_tag>" root="2.16.156.10011.1.3"/>
        <name><@privacy_tag value="${phaseSummary.patientName!'NA'}" privacyId="2">${privacy}</@privacy_tag></name>
        <administrativeGenderCode code="${phaseSummary.sexCode!'NA'}" codeSystem="2.16.156.10011.2.3.3.4" codeSystemName="生理性别代码表(GB/T 2261.1)" displayName="<@dict_tag value="${phaseSummary.sexCode!'NA'}" datasetCloumn="SEX_CODE">${dict.desc}</@dict_tag>"/>
        <birthTime value="${emrBasicpatient.birthday!'NA'}"/>
        <!--1 数据集里是年龄（年）、年龄（月）-->
        <#if phaseSummary.ageYear??>
        <age unit="岁" value="${phaseSummary.ageYear!'NA'}"/>
        <#else>
        <age unit="月" value="${phaseSummary.patientMonth!'NA'}"/>
        </#if>
      </patient>
    </patientRole>
  </recordTarget>
  <!-- 文档创作者 -->
  <author contextControlCode="OP" typeCode="AUT">
    <time value="${phaseSummary.signDatatime!'NA'}"/>
    <assignedAuthor classCode="ASSIGNED">
      <id extension="${phaseSummary.doctorSign!'NA'}" root="2.16.156.10011.1.7"/>
      <assignedPerson>
        <name>${phaseSummary.doctorSign!'NA'}</name>
      </assignedPerson>
    </assignedAuthor>
  </author>
  <!-- 保管机构 -->
  <custodian typeCode="CST">
    <assignedCustodian classCode="ASSIGNED">
      <representedCustodianOrganization classCode="ORG" determinerCode="INSTANCE">
        <id extension="${hospitalInfo.organCode!'NA'}" root="2.16.156.10011.1.5"/>
        <name>${hospitalInfo.organName!'NA'}</name>
      </representedCustodianOrganization>
    </assignedCustodian>
  </custodian>
  <!--医师签名-->
  <authenticator>
    <!--签名日期时间-->
    <time value="${phaseSummary.signDatatime!'NA'}"/>
    <signatureCode/>
    <assignedEntity>
      <id extension="${phaseSummary.doctorSign!'NA'}" root="2.16.156.10011.1.4"/>
      <code displayName="医师签名"/>
      <assignedPerson>
        <name>${phaseSummary.doctorSign!'NA'}</name>
      </assignedPerson>
    </assignedEntity>
  </authenticator>
  <documentationOf>
    <serviceEvent>
      <code displayName="小结日期时间"/>
      <!--小结日期时间-->
      <effectiveTime value="${phaseSummary.stageSummaryDatatime!'NA'}"/>
    </serviceEvent>
  </documentationOf>
  <relatedDocument typeCode="RPLC">
    <parentDocument>
      <id/>
      <setId/>
      <versionNumber/>
    </parentDocument>
  </relatedDocument>
  <!-- 病床号、病房、病区、科室和医院的关联 -->
  <componentOf>
    <encompassingEncounter>
      <code displayName="入院日期时间"/>
      <!--入院日期时间-->
      <effectiveTime value="${phaseSummary.inpDate!'NA'}" xsi:type="IVL_TS"/>
      <location>
        <healthCareFacility>
          <serviceProviderOrganization>
            <asOrganizationPartOf classCode="PART">
              <!-- DE01.00.026.00 病床号 -->
              <wholeOrganization classCode="ORG" determinerCode="INSTANCE">
                <id extension="${phaseSummary.bedNo!'NA'}" root="2.16.156.10011.1.22"/>
                <name>${phaseSummary.bedNo!'NA'}</name>
                <asOrganizationPartOf classCode="PART">
                  <!-- DE01.00.019.00 病房号 -->
                  <wholeOrganization classCode="ORG" determinerCode="INSTANCE">
                    <id extension="${phaseSummary.roomNo!'NA'}" root="2.16.156.10011.1.21"/>
                    <name>${phaseSummary.roomNo!'NA'}</name>
                    <asOrganizationPartOf classCode="PART">
                      <!-- DE08.10.026.00 科室名称 -->
                      <wholeOrganization classCode="ORG" determinerCode="INSTANCE">
                        <id extension="${phaseSummary.deptName!'NA'}" root="2.16.156.10011.1.26"/>
                        <name>${phaseSummary.deptName!'NA'}</name>
                        <asOrganizationPartOf classCode="PART">
                          <!-- DE08.10.054.00 病区名称 -->
                          <wholeOrganization classCode="ORG" determinerCode="INSTANCE">
                            <id extension="${phaseSummary.areaName!'NA'}" root="2.16.156.10011.1.27"/>
                            <name>${phaseSummary.areaName!'NA'}</name>
                            <asOrganizationPartOf classCode="PART">
                              <!--医疗机构名称 -->
                              <wholeOrganization classCode="ORG" determinerCode="INSTANCE">
                                <id extension="${hospitalInfo.organCode!'NA'}" root="2.16.156.10011.1.5"/>
                                <name>${hospitalInfo.organName!'NA'}</name>
                              </wholeOrganization>
                            </asOrganizationPartOf>
                          </wholeOrganization>
                        </asOrganizationPartOf>
                      </wholeOrganization>
                    </asOrganizationPartOf>
                  </wholeOrganization>
                </asOrganizationPartOf>
              </wholeOrganization>
            </asOrganizationPartOf>
          </serviceProviderOrganization>
        </healthCareFacility>
      </location>
    </encompassingEncounter>
  </componentOf>
  <component>
    <structuredBody>
      <!--主诉章节-->
      <component>
        <section>
          <code code="10154-3" codeSystem="2.16.840.1.113883.6.1" codeSystemName="LOINC" displayName="CHIEF COMPLAINT"/>
          <text/>
          <!-- 主诉-->
          <entry contextConductionInd="true" typeCode="COMP">
            <observation classCode="OBS" moodCode="EVN">
              <code code="DE04.01.119.00" codeSystem="2.16.156.10011.2.2.1" codeSystemName="卫生信息数据元目录" displayName="主诉"/>
              <value xsi:type="ST">${phaseSummary.chiefComplaint!'NA'}</value>
            </observation>
          </entry>
        </section>
      </component>
      <!--入院诊断章节-->
      <component>
        <section>
          <code code="46241-6" codeSystem="2.16.840.1.113883.6.1" codeSystemName="LOINC" displayName="HOSPITAL ADMISSION DX"/>
          <text/>
          <!--入院情况-->
          <entry>
            <observation classCode="OBS" moodCode="EVN ">
              <code code="DE05.10.148.00" codeSystem="2.16.156.10011.2.2.1" codeSystemName="卫生信息数据元目录" displayName="入院情况"/>
              <value xsi:type="ST">${phaseSummary.inpSituation!'NA'}</value>
            </observation>
          </entry>
          <!--入院诊断-西医诊断名称-->
          <entry>
            <observation classCode="OBS" moodCode="EVN ">
              <code code="DE05.01.024.00" codeSystem="2.16.156.10011.2.2.1" codeSystemName="卫生信息数据元目录" displayName="入院诊断-西医诊断编码"/>
              <value xsi:type="CD" code="${phaseSummary.inhosDiagWmDiagCode!'NA'}" codeSystem="2.16.156.10011.2.3.1.256" codeSystemName="ICD-10" displayName="<@dict_tag value="${phaseSummary.inhosDiagWmDiagCode!'NA'}" datasetCloumn="INHOS_DIAG_WM_DIAG_CODE">${dict.desc}</@dict_tag>"/>
            </observation>
          </entry>
          <#if phaseSummary.inhosDiagCmDisCode??>
          <!--入院诊断-中医病名代码-->
          <entry>
            <observation classCode="OBS" moodCode="EVN">
              <code code="DE05.10.130.00" codeSystem="2.16.156.10011.2.2.1" codeSystemName="卫生信息数据元目录" displayName="入院诊断-中医病名代码">
                <qualifier>
                  <name displayName="中医病名代码"/>
                </qualifier>
              </code>
              <value code="${phaseSummary.inhosDiagCmDisCode!'NA'}" codeSystem="2.16.156.10011.2.3.3.14" codeSystemName="中医病证分类与代码表( GB/T 15657)" xsi:type="CD" displayName="<@dict_tag value="${phaseSummary.inhosDiagCmDisCode!'NA'}" datasetCloumn="INHOS_DIAG_CM_DIS_CODE">${dict.desc}</@dict_tag>"/>
            </observation>
          </entry>
          </#if>
          <#if phaseSummary.inhosDiagCmSyndromeCode??>
          <!--入院诊断-中医症候代码-->
          <entry>
            <observation classCode="OBS" moodCode="EVN">
              <code code="DE05.10.130.00" codeSystem="2.16.156.10011.2.2.1" codeSystemName="卫生信息数据元目录" displayName="入院诊断-中医症候代码">
                <qualifier>
                  <name displayName="中医症候名称"/>
                </qualifier>
              </code>
              <value code="${phaseSummary.inhosDiagCmSyndromeCode!'NA'}" codeSystem="2.16.156.10011.2.3.3.14" codeSystemName="中医病证分类与代码表( GB/T 15657)" xsi:type="CD" displayName="<@dict_tag value="${phaseSummary.inhosDiagCmSyndromeCode!'NA'}" datasetCloumn="INHOS_DIAG_CM_SYNDROME_CODE">${dict.desc}</@dict_tag>"/>
            </observation>
          </entry>
          </#if>
        </section>
      </component>
      <!--诊断章节-->
      <component>
        <section>
          <code code="29548-5" codeSystem="2.16.840.1.113883.6.1" codeSystemName="LOINC" displayName="Diagnosis"/>
          <text/>
          <!--条目:目前情况-->
          <entry>
            <observation classCode="OBS" moodCode="EVN ">
              <code code="DE06.00.184.00" codeSystem="2.16.156.10011.2.2.1" codeSystemName="卫生信息数据元目录" displayName="目前情况"/>
              <value xsi:type="ST">${phaseSummary.currentlySituation!'NA'}</value>
            </observation>
          </entry>
          <!--目前诊断-->
          <entry>
            <observation classCode="OBS" moodCode="EVN">
              <code code="DE05.01.024.00" codeSystem="2.16.156.10011.2.2.1" codeSystemName="卫生信息数据元目录" displayName="目前诊断-西医诊断编码"/>
              <value code="${phaseSummary.currentlyWmDiagcode!'NA'}" codeSystem="2.16.156.10011.2.3.3.11" codeSystemName="ICD-10" xsi:type="CD" displayName="<@dict_tag value="${phaseSummary.currentlyWmDiagcode!'NA'}" datasetCloumn="CURRENTLY_WM_DIAGCODE">${dict.desc}</@dict_tag>"/>
            </observation>
          </entry>
          <#if phaseSummary.diseasesCode??>
          <!--目前诊断-中医病名代码-->
          <entry>
            <observation classCode="OBS" moodCode="EVN">
              <code code="DE05.10.130.00" codeSystem="2.16.156.10011.2.2.1" codeSystemName="卫生信息数据元目录" displayName="目前诊断-中医病名代码">
                <qualifier>
                  <name displayName="中医病名代码"/>
                </qualifier>
              </code>
              <value code="${phaseSummary.diseasesCode!'NA'}" codeSystem="2.16.156.10011.2.3.3.14" codeSystemName="中医病证分类与代码表( GB/T 15657)" xsi:type="CD" displayName="<@dict_tag value="${phaseSummary.diseasesCode!'NA'}" datasetCloumn="DISEASES_CODE">${dict.desc}</@dict_tag>"/>
            </observation>
          </entry>
          </#if>
          <#if phaseSummary.syndromesCode??>
          <!--目前诊断-中医症候代码-->
          <entry>
            <observation classCode="OBS" moodCode="EVN">
              <code code="DE05.10.130.00" codeSystem="2.16.156.10011.2.2.1" codeSystemName="卫生信息数据元目录" displayName="目前诊断-中医症候代码">
                <qualifier>
                  <name displayName="中医症候代码"/>
                </qualifier>
              </code>
              <value code="${phaseSummary.syndromesCode!'NA'}" codeSystem="2.16.156.10011.2.3.3.14" codeSystemName="中医病证分类与代码表( GB/T 15657)" xsi:type="CD" displayName="<@dict_tag value="${phaseSummary.syndromesCode!'NA'}" datasetCloumn="SYNDROMES_CODE">${dict.desc}</@dict_tag>"/>
            </observation>
          </entry>
          </#if>
          <!--中医“四诊”观察结果-->
          <entry>
            <observation classCode="OBS" moodCode="EVN ">
              <code code="DE02.10.028.00" codeSystem="2.16.156.10011.2.2.1" codeSystemName="卫生信息数据元目录" displayName="中医“四诊”观察结果"/>
              <value xsi:type="ST">${phaseSummary.tcmFourResults!'NA'}</value>
            </observation>
          </entry>
        </section>
      </component>
      <!--治疗计划章节 1..*-->
      <component>
        <section>
          <code code="18776-5" codeSystem="2.16.840.1.113883.6.1" codeSystemName="LOINC" displayName="TREATMENT PLAN"/>
          <text/>
          <!--今后治疗方案-->
          <entry>
            <observation classCode="OBS" moodCode="EVN">
              <code code="DE06.00.159.00" codeSystem="2.16.156.10011.2.2.1" codeSystemName="卫生信息数据元目录" displayName="今后治疗方案"/>
              <value xsi:type="ST">${phaseSummary.nextTreatmentPlan!'NA'}</value>
            </observation>
          </entry>
          <!--治则治法-->
          <entry>
            <observation classCode="OBS" moodCode="EVN">
              <code code="DE06.00.300.00" codeSystem="2.16.156.10011.2.2.1" codeSystemName="卫生信息数据元目录" displayName="治则治法"/>
              <value xsi:type="ST">${phaseSummary.therapeuticPrinciple!'NA'}</value>
            </observation>
          </entry>
        </section>
      </component>
      <!--用药章节-->
      <component>
        <section>
          <code code="10160-0" codeSystem="2.16.840.1.113883.6.1" codeSystemName="LOINC" displayName="HISTORY OF MEDICATION USE"/>
          <text/>
          <!--医嘱内容-->
          <entry>
            <observation classCode="OBS " moodCode="EVN ">
              <code code="DE06.00.287.00" codeSystem="2.16.156.10011.2.2.1" codeSystemName="卫生信息数据元目录" displayName="医嘱内容"/>
              <value xsi:type="ST">${phaseSummary.adviceContent!'NA'}</value>
            </observation>
          </entry>
          <!--中药煎煮方法-->
          <entry>
            <observation classCode="OBS" moodCode="EVN ">
              <code code="DE08.50.047.00" codeSystem="2.16.156.10011.2.2.1" codeSystemName="卫生信息数据元目录" displayName="中药煎煮方法"/>
              <value xsi:type="ST">${phaseSummary.chinDecocDecway!'NA'}</value>
            </observation>
          </entry>
          <!--中药用药方法-->
          <entry>
            <observation classCode="OBS" moodCode="EVN ">
              <code code="DE06.00.136.00" codeSystem="2.16.156.10011.2.2.1" codeSystemName="卫生信息数据元目录" displayName="中药用药方法"/>
              <value xsi:type="ST">${phaseSummary.chinDrinkDecway!'NA'}</value>
            </observation>
          </entry>
        </section>
      </component>
      <!--医院过程章节-->
      <component>
        <section>
          <code code="8648-8" codeSystem="2.16.840.1.113883.6.1" codeSystemName="LOINC" displayName="Hospital Course"/>
          <text/>
          <!--诊疗过程描述-->
          <entry>
            <observation classCode="OBS" moodCode="EVN">
              <code code="DE06.00.296.00" codeSystem="2.16.156.10011.2.3.3.11" codeSystemName="卫生信息数据元目录" displayName="诊疗过程描述"/>
              <#if phaseSummary.diagDesc??>
              <value xsi:type="ST">${phaseSummary.diagDesc? replace('<','小于')? replace('>','大于')}</value>
              <#else>
              <value xsi:type="ST">${phaseSummary.diagDesc!'NA'}</value>
              </#if>
            </observation>
          </entry>
        </section>
      </component>
    </structuredBody>
  </component>
</ClinicalDocument>