﻿<?xml version="1.0" encoding="UTF-8"?>

<ClinicalDocument xmlns="urn:hl7-org:v3" xmlns:mif="urn:hl7-org:v3/mif" xmlns:xsi="http://www.w3.org/2001/XMLSchema-instance" xsi:schemaLocation="urn:hl7-org:v3 ..\sdschemas\CDA.xsd">
  <realmCode code="CN"/>
  <typeId extension="POCD_MT000040" root="2.16.840.1.113883.1.3"/>
  <templateId root="2.16.156.10011.2.1.1.67"/>
  <!-- 文档流水号 -->
  <id extension="${docInfo.docId}" root="2.16.156.10011.1.1"/>
  <code code="C0047" codeSystem="2.16.156.10011.2.4" codeSystemName="卫生信息共享文档规范编码体系"/>
  <title>术前讨论</title>
  <!-- 文档机器生成时间 -->
  <effectiveTime value="${docInfo.effectiveTime}"/>
  <confidentialityCode code="N" codeSystem="2.16.840.1.113883.5.25" codeSystemName="Confidentiality" displayName="正常访问保密级别"/>
  <languageCode code="zh-CN"/>
  <setId/>
  <versionNumber/>
  <recordTarget contextControlCode="OP" typeCode="RCT">
    <patientRole classCode="PAT">
      <!--住院号 -->
      <id extension="${preOperationDiscussion.inpNo!'NA'}" root="2.16.156.10011.1.12"/>
      <patient classCode="PSN" determinerCode="INSTANCE">
        <!--患者身份证号标识-->
        <id extension="<@privacy_tag value="${emrBasicpatient.identityNo!'000000000000000000'}" privacyId="1">${privacy}</@privacy_tag>" root="2.16.156.10011.1.3"/>
        <name><@privacy_tag value="${preOperationDiscussion.patientName!'NA'}" privacyId="2">${privacy}</@privacy_tag></name>
        <administrativeGenderCode code="${preOperationDiscussion.sexCode!'NA'}" codeSystem="2.16.156.10011.2.3.3.4" codeSystemName="生理性别代码表(GB/T 2261.1)" displayName="<@dict_tag value="${preOperationDiscussion.sexCode!'NA'}" datasetCloumn="SEX_CODE">${dict.desc}</@dict_tag>"/>
        <#if preOperationDiscussion.ageYear??>
        <age unit="岁" value="${preOperationDiscussion.ageYear!'NA'}"/>
        <#else>
        <age unit="月" value="${preOperationDiscussion.patientMonth!'NA'}"/>
    </#if>
      </patient>
      <providerOrganization classCode="ORG" determinerCode="INSTANCE">
        <asOrganizationPartOf classCode="PART">
          <!--讨论的日期时间-->
          <effectiveTime value="${preOperationDiscussion.discussDatatime!'NA'}"/>
          <wholeOrganization>
            <!--讨论的地点-->
            <addr>${preOperationDiscussion.discussPlace!'NA'}</addr>
          </wholeOrganization>
        </asOrganizationPartOf>
      </providerOrganization>
    </patientRole>
  </recordTarget>
  <!-- 文档作者 -->
  <author contextControlCode="OP" typeCode="AUT">
    <time value="${preOperationDiscussion.signDatatime!'NA'}"/>
    <assignedAuthor classCode="ASSIGNED">
      <id extension="${preOperationDiscussion.doctorSign!'NA'}" root="2.16.156.10011.1.7"/>
      <assignedPerson>
        <name>${preOperationDiscussion.doctorSign!'NA'}</name>
      </assignedPerson>
    </assignedAuthor>
  </author>
  <!-- 文档生成机构 -->
  <custodian typeCode="CST">
    <assignedCustodian classCode="ASSIGNED">
      <representedCustodianOrganization classCode="ORG" determinerCode="INSTANCE">
        <id extension="${hospitalInfo.organCode!'NA'}" root="2.16.156.10011.1.5"/>
        <name>${hospitalInfo.organName!'NA'}</name>
      </representedCustodianOrganization>
    </assignedCustodian>
  </custodian>
  <!-- 手术者 -->
  <authenticator>
    <!-- DE09.00.053.00签名日期时间 -->
    <time value="${preOperationDiscussion.signDatatime!'NA'}"/>
    <signatureCode/>
    <assignedEntity>
      <id extension="${preOperationDiscussion.operativeSign!'NA'}" root="2.16.156.10011.1.4"/>
      <code displayName="手术者"/>
      <assignedPerson>
        <name>${preOperationDiscussion.operativeSign!'NA'}</name>
        <professionalTechnicalPosition>
          <professionaltechnicalpositionCode code="${preOperationDiscussion.professionalCatagoryCode!'NA'}" codeSystem="2.16.156.10011.2.3.1.209" codeSystemName="专业技术职务类别代码表" displayName="<@dict_tag value="${preOperationDiscussion.professionalCatagoryCode!'NA'}" datasetCloumn="PROFESSIONAL_CATAGORY_CODE">${dict.desc}</@dict_tag>"/>
        </professionalTechnicalPosition>
      </assignedPerson>
    </assignedEntity>
  </authenticator>
  <!-- 麻醉医师 -->
  <authenticator>
    <time value="${preOperationDiscussion.signDatatime!'NA'}"/>
    <signatureCode/>
    <assignedEntity>
      <id extension="${preOperationDiscussion.anaesthesiaDoctorName!'NA'}" root="2.16.156.10011.1.4"/>
      <code displayName="麻醉医师"/>
      <assignedPerson>
        <name>${preOperationDiscussion.anaesthesiaDoctorName!'NA'}</name>
        <professionalTechnicalPosition>
          <professionaltechnicalpositionCode code="${preOperationDiscussion.professionalCatagoryCode!'NA'}" codeSystem="2.16.156.10011.2.3.1.209" codeSystemName="专业技术职务类别代码表" displayName="<@dict_tag value="${preOperationDiscussion.professionalCatagoryCode!'NA'}" datasetCloumn="PROFESSIONAL_CATAGORY_CODE">${dict.desc}</@dict_tag>"/>
        </professionalTechnicalPosition>
      </assignedPerson>
    </assignedEntity>
  </authenticator>
  <!-- 医师 -->
  <authenticator>
    <time value="${preOperationDiscussion.signDatatime!'NA'}"/>
    <signatureCode/>
    <assignedEntity>
      <id extension="${preOperationDiscussion.doctorSign!'NA'}" root="2.16.156.10011.1.4"/>
      <code displayName="医师"/>
      <assignedPerson>
        <name>${preOperationDiscussion.doctorSign!'NA'}</name>
        <professionalTechnicalPosition>
          <professionaltechnicalpositionCode code="${preOperationDiscussion.professionalCatagoryCode!'NA'}" codeSystem="2.16.156.10011.2.3.1.209" codeSystemName="专业技术职务类别代码表" displayName="<@dict_tag value="${preOperationDiscussion.professionalCatagoryCode!'NA'}" datasetCloumn="PROFESSIONAL_CATAGORY_CODE">${dict.desc}</@dict_tag>"/>
        </professionalTechnicalPosition>
      </assignedPerson>
    </assignedEntity>
  </authenticator>
  <!--讨论成员信息-->
  <participant typeCode="CON">
    <associatedEntity classCode="ECON">
      <!--参加讨论人员名单-->
      <associatedPerson>
        <name>${preOperationDiscussion.discussNames!'NA'}</name>
      </associatedPerson>
    </associatedEntity>
  </participant>
  <!--讨论主持人信息-->
  <participant typeCode="ORG">
    <associatedEntity classCode="ECON">
      <id extension="${preOperationDiscussion.compereName!'NA'}" root="2.16.156.10011.1.4"/>
      <associatedPerson>
        <!--主持人姓名-->
        <name>${preOperationDiscussion.compereName!'NA'}</name>
      </associatedPerson>
    </associatedEntity>
  </participant>
  <relatedDocument typeCode="RPLC">
    <parentDocument>
      <id/>
      <setId/>
      <versionNumber/>
    </parentDocument>
  </relatedDocument>
  <!-- 病床号、病房、病区、科室和医院的关联 -->
  <componentOf>
    <encompassingEncounter>
      <effectiveTime/>
      <location>
        <healthCareFacility>
          <serviceProviderOrganization>
            <asOrganizationPartOf classCode="PART">
              <!--HDSD00.09.003 DE01.00.026.00 病床号 -->
              <wholeOrganization classCode="ORG" determinerCode="INSTANCE">
                <id extension="${preOperationDiscussion.bedNo!'NA'}" root="2.16.156.10011.1.22"/>
                <name>${preOperationDiscussion.bedNo!'NA'}</name>
                <asOrganizationPartOf classCode="PART">
                  <!--HDSD00.09.004 DE01.00.019.00 病房号 -->
                  <wholeOrganization classCode="ORG" determinerCode="INSTANCE">
                    <id extension="${preOperationDiscussion.roomNo!'NA'}" root="2.16.156.10011.1.21"/>
                    <name>${preOperationDiscussion.roomNo!'NA'}</name>
                    <asOrganizationPartOf classCode="PART">
                      <!--HDSD00.09.036 DE08.10.026.00 科室名称 -->
                      <wholeOrganization classCode="ORG" determinerCode="INSTANCE">
                        <id extension="${preOperationDiscussion.deptName!'NA'}" root="2.16.156.10011.1.26"/>
                        <name>${preOperationDiscussion.deptName!'NA'}</name>
                        <asOrganizationPartOf classCode="PART">
                          <!--HDSD00.09.005 DE08.10.054.00 病区名称-->
                          <wholeOrganization classCode="ORG" determinerCode="INSTANCE">
                            <id extension="${preOperationDiscussion.areaName!'NA'}" root="2.16.156.10011.1.27"/>
                            <name>${preOperationDiscussion.areaName!'NA'}</name>
                            <asOrganizationPartOf classCode="PART">
                              <!--医疗机构名称 -->
                              <wholeOrganization classCode="ORG" determinerCode="INSTANCE">
                                <id extension="${hospitalInfo.organCode!'NA'}" root="2.16.156.10011.1.5"/>
                                <name>${hospitalInfo.organName!'NA'}</name>
                              </wholeOrganization>
                            </asOrganizationPartOf>
                          </wholeOrganization>
                        </asOrganizationPartOf>
                      </wholeOrganization>
                    </asOrganizationPartOf>
                  </wholeOrganization>
                </asOrganizationPartOf>
              </wholeOrganization>
            </asOrganizationPartOf>
          </serviceProviderOrganization>
        </healthCareFacility>
      </location>
    </encompassingEncounter>
  </componentOf>
  <component>
    <structuredBody>
      <!--术前诊断章节-->
      <component>
        <section>
          <code code="10219-4" codeSystem="2.16.840.1.113883.6.1" codeSystemName="LOINC" displayName="Surgical operation note preoperative Dx"/>
          <text/>
          <#if preOperationDiscussion.preoperationDiagCode??>
          <entry>
            <observation classCode="OBS" moodCode="EVN">
              <code code="DE05.01.024.00" codeSystem="2.16.156.10011.2.2.1" codeSystemName="卫生信息数据元目录" displayName="术前诊断编码"/>
              <value code="${preOperationDiscussion.preoperationDiagCode!'NA'}" codeSystem="2.16.156.10011.2.3.3.11" codeSystemName="ICD-10" xsi:type="CD" displayName="<@dict_tag value="${preOperationDiscussion.preoperationDiagCode!'NA'}" datasetCloumn="PREOPERATION_DIAG_CODE">${dict.desc}</@dict_tag>"/>
            </observation>
          </entry>
          </#if>
          <entry>
            <observation classCode="OBS" moodCode="EVN">
              <code code="DE06.00.092.00" codeSystem="2.16.156.10011.2.2.1" codeSystemName="卫生信息数据元目录" displayName="入院日期时间"/>
              <value value="${preOperationDiscussion.inpDate!'NA'}" xsi:type="TS"/>
            </observation>
          </entry>
        </section>
      </component>
      <!--治疗计划章节-->
      <component>
        <section>
          <code code="18776-5" codeSystem="2.16.840.1.113883.6.1" codeSystemName="LOINC" displayName="TREATMENT PLAN"/>
          <text/>
          <entry>
            <observation classCode="OBS" moodCode="EVN">
              <code code="DE06.00.094.00" codeSystem="2.16.156.10011.2.2.1" codeSystemName="卫生信息数据元目录" displayName="拟实施手术及操作名称"/>
              <value xsi:type="ST">${preOperationDiscussion.operationName!'NA'}</value>
            </observation>
          </entry>
          <entry>
            <observation classCode="OBS" moodCode="EVN">
              <code code="DE06.00.093.00" codeSystem="2.16.156.10011.2.2.1" codeSystemName="卫生信息数据元目录" displayName="拟实施手术及操作编码"/>
              <value code="${preOperationDiscussion.implementOperationCode!'NA'}" codeSystem="2.16.156.10011.2.3.3.12" codeSystemName="手术(操作)代码表(ICD-9-CM)" xsi:type="CD" displayName="<@dict_tag value="${preOperationDiscussion.implementOperationCode!'NA'}" datasetCloumn="IMPLEMENT_OPERATION_CODE">${dict.desc}</@dict_tag>"/>
            </observation>
          </entry>
          <entry>
            <observation classCode="OBS" moodCode="EVN">
              <code code="DE06.00.187.00" codeSystem="2.16.156.10011.2.2.1" codeSystemName="卫生信息数据元目录" displayName="拟实施手术目标部位名称"/>
              <value xsi:type="ST">${preOperationDiscussion.operationPositionName!'NA'}</value>
            </observation>
          </entry>
          <entry>
            <observation classCode="OBS" moodCode="EVN">
              <code code="DE06.00.221.00" codeSystem="2.16.156.10011.2.2.1" codeSystemName="卫生信息数据元目录" displayName="拟实施手术及操作日期时间"/>
              <value value="${preOperationDiscussion.intentOperateDatetime!'NA'}" xsi:type="TS"/>
            </observation>
          </entry>
          <entry>
            <observation classCode="OBS" moodCode="EVN">
              <code code="DE06.00.073.00" codeSystem="2.16.156.10011.2.2.1" codeSystemName="卫生信息数据元目录" displayName="拟实施麻醉方法代码"/>
              <value code="${preOperationDiscussion.intentAnesthesiaCode!'NA'}" codeSystem="2.16.156.10011.2.3.1.159" codeSystemName="麻醉方法代码表" xsi:type="CD" displayName="<@dict_tag value="${preOperationDiscussion.intentAnesthesiaCode!'NA'}" datasetCloumn="INTENT_ANESTHESIA_CODE">${dict.desc}</@dict_tag>"/>
            </observation>
          </entry>
        </section>
      </component>
      <!--手术操作章节-->
      <component>
        <section>
          <code code="47519-4" codeSystem="2.16.840.1.113883.6.1" codeSystemName="LOINC" displayName="HISTORY OF PROCEDURES"/>
          <text/>
          <entry>
            <observation classCode="OBS" moodCode="EVN">
              <code code="DE06.00.254.00" codeSystem="2.16.156.10011.2.2.1" codeSystemName="卫生信息数据元目录" displayName="手术要点"/>
              <value xsi:type="ST">${preOperationDiscussion.operationPoints!'NA'}</value>
            </observation>
          </entry>
          <entry>
            <observation classCode="OBS" moodCode="EVN">
              <code code="DE06.00.271.00" codeSystem="2.16.156.10011.2.2.1" codeSystemName="卫生信息数据元目录" displayName="术前准备"/>
              <value xsi:type="ST">${preOperationDiscussion.preoperativeReady!'NA'}</value>
            </observation>
          </entry>
          <entry>
            <observation classCode="OBS" moodCode="EVN">
              <code code="DE06.00.340.00" codeSystem="2.16.156.10011.2.2.1" codeSystemName="卫生信息数据元目录" displayName="手术指征"/>
              <#if preOperationDiscussion.operativeIndication??>
              <value xsi:type="ST">${preOperationDiscussion.operativeIndication? replace('<','小于')? replace('>','大于')}</value>
              <#else>
              <value xsi:type="ST">${preOperationDiscussion.operativeIndication!'NA'}</value>
              </#if>
            </observation>
          </entry>
          <entry>
            <observation classCode="OBS" moodCode="EVN">
              <code code="DE06.00.301.00" codeSystem="2.16.156.10011.2.2.1" codeSystemName="卫生信息数据元目录" displayName="手术方案"/>
              <value xsi:type="ST">${preOperationDiscussion.operationPlans!'NA'}</value>
            </observation>
          </entry>
          <entry>
            <observation classCode="OBS" moodCode="EVN">
              <code code="DE09.00.119.00" codeSystem="2.16.156.10011.2.2.1" codeSystemName="卫生信息数据元目录" displayName="注意事项"/>
              <value xsi:type="ST">${preOperationDiscussion.mattersNeedAttention!'NA'}</value>
            </observation>
          </entry>
        </section>
      </component>
      <!--术前总结章节-->
      <component>
        <section>
          <code displayName="讨论总结"/>
          <text/>
          <entry>
            <observation classCode="OBS" moodCode="EVN">
              <code code="DE06.00.018.00" codeSystem="2.16.156.10011.2.2.1" codeSystemName="卫生信息数据元目录" displayName="讨论意见"/>
              <#if preOperationDiscussion.discussSuggestion??>
              <value xsi:type="ST">${preOperationDiscussion.discussSuggestion? replace('<','小于')? replace('>','大于')}</value>
              <#else>
              <value xsi:type="ST">${preOperationDiscussion.discussSuggestion!'NA'}</value>
              </#if>
            </observation>
          </entry>
          <entry>
            <observation classCode="OBS" moodCode="EVN">
              <code code="DE06.00.018.00" codeSystem="2.16.156.10011.2.2.1" codeSystemName="卫生信息数据元目录" displayName="讨论结论"/>
              <value xsi:type="ST">${preOperationDiscussion.discussConclusion!'NA'}</value>
            </observation>
          </entry>
        </section>
      </component>
    </structuredBody>
  </component>
</ClinicalDocument>