﻿<?xml version="1.0" encoding="UTF-8"?>

<ClinicalDocument xmlns="urn:hl7-org:v3" xmlns:mif="urn:hl7-org:v3/mif" xmlns:xsi="http://www.w3.org/2001/XMLSchema-instance" xsi:schemaLocation="urn:hl7-org:v3 ..\sdschemas\CDA.xsd">
  <realmCode code="CN"/>
  <typeId extension="POCD_MT000040" root="2.16.840.1.113883.1.3"/>
  <templateId root="2.16.156.10011.2.1.1.69"/>
  <!-- 文档流水号 -->
  <id extension="${docInfo.docId}" root="2.16.156.10011.1.1"/>
  <code code="C0049" codeSystem="2.16.156.10011.2.4" codeSystemName="卫生信息共享文档规范编码体系"/>
  <title>出院记录</title>
  <!-- 文档机器生成时间 -->
  <effectiveTime value="${docInfo.effectiveTime}"/>
  <confidentialityCode code="N" codeSystem="2.16.840.1.113883.5.25" codeSystemName="Confidentiality" displayName="正常访问保密级别"/>
  <languageCode code="zh-CN"/>
  <setId/>
  <versionNumber/>
  <recordTarget contextControlCode="OP" typeCode="RCT">
    <patientRole classCode="PAT">
      <!--住院号 -->
      <id extension="${dischargeRecord.inpNo!'NA'}" root="2.16.156.10011.1.12"/>
      <patient classCode="PSN" determinerCode="INSTANCE">
        <!--患者身份证号标识-->
        <id extension="<@privacy_tag value="${emrBasicpatient.identityNo!'000000000000000000'}" privacyId="1">${privacy}</@privacy_tag>" root="2.16.156.10011.1.3"/>
        <name><@privacy_tag value="${dischargeRecord.patientName!'NA'}" privacyId="2">${privacy}</@privacy_tag></name>
        <administrativeGenderCode code="${dischargeRecord.sexCode!'NA'}" codeSystem="2.16.156.10011.2.3.3.4" codeSystemName="生理性别代码表(GB/T 2261.1)" displayName="<@dict_tag value="${dischargeRecord.sexCode!'NA'}" datasetCloumn="SEX_CODE">${dict.desc}</@dict_tag>"/>
        <#if dischargeRecord.ageYear??>
        <age unit="岁" value="${dischargeRecord.ageYear!'NA'}"/>
        <#else>
        <age unit="月" value="${dischargeRecord.patientMonth!'NA'}"/>
        </#if>
      </patient>
    </patientRole>
  </recordTarget>
  <!-- 文档作者 -->
  <author contextControlCode="OP" typeCode="AUT">
    <time value="${dischargeRecord.signDatatime!'NA'}"/>
    <assignedAuthor classCode="ASSIGNED">
      <id extension="${dischargeRecord.archiaterDoctorSign!'NA'}" root="2.16.156.10011.1.7"/>
      <assignedPerson>
        <name>${dischargeRecord.archiaterDoctorSign!'NA'}</name>
      </assignedPerson>
    </assignedAuthor>
  </author>
  <!-- 文档生成机构 -->
  <custodian typeCode="CST">
    <assignedCustodian classCode="ASSIGNED">
      <representedCustodianOrganization classCode="ORG" determinerCode="INSTANCE">
        <id extension="${hospitalInfo.organCode!'NA'}" root="2.16.156.10011.1.5"/>
        <name>${hospitalInfo.organName!'NA'}</name>
      </representedCustodianOrganization>
    </assignedCustodian>
  </custodian>
  <!-- 主任医师 -->
  <authenticator>
    <time value="${dischargeRecord.signDatatime!'NA'}"/>
    <signatureCode/>
    <assignedEntity>
      <id root="2.16.156.10011.1.4" extension="${dischargeRecord.archiaterDoctorSign!'NA'}"/>
      <code displayName="主任医师"/>
      <assignedPerson classCode="PSN" determinerCode="INSTANCE">
        <name>${dischargeRecord.archiaterDoctorSign!'NA'}</name>
      </assignedPerson>
    </assignedEntity>
  </authenticator>
  <!-- 主治医师 -->
  <authenticator>
    <time value="${dischargeRecord.signDatatime!'NA'}"/>
    <signatureCode/>
    <assignedEntity>
      <id root="2.16.156.10011.1.4" extension="${dischargeRecord.physicianDoctorSign!'NA'}"/>
      <code displayName="主治医师"/>
      <assignedPerson classCode="PSN" determinerCode="INSTANCE">
        <name>${dischargeRecord.physicianDoctorSign!'NA'}</name>
      </assignedPerson>
    </assignedEntity>
  </authenticator>
  <!-- 住院医师 -->
  <authenticator>
    <time value="${dischargeRecord.signDatatime!'NA'}"/>
    <signatureCode/>
    <assignedEntity>
      <id root="2.16.156.10011.1.4" extension="${dischargeRecord.inpDoctorSign!'NA'}"/>
      <code displayName="住院医师"/>
      <assignedPerson classCode="PSN" determinerCode="INSTANCE">
        <name>${dischargeRecord.inpDoctorSign!'NA'}</name>
      </assignedPerson>
    </assignedEntity>
  </authenticator>
  <relatedDocument typeCode="RPLC">
    <parentDocument>
      <id/>
      <setId/>
      <versionNumber/>
    </parentDocument>
  </relatedDocument>
  <!-- 病床号、病房、病区、科室和医院的关联 -->
  <componentOf>
    <encompassingEncounter>
      <effectiveTime/>
      <location>
        <healthCareFacility>
          <serviceProviderOrganization>
            <asOrganizationPartOf classCode="PART">
              <!-- DE01.00.026.00病床号 -->
              <wholeOrganization classCode="ORG" determinerCode="INSTANCE">
                <id extension="${dischargeRecord.bedNo!'NA'}" root="2.16.156.10011.1.22"/>
                <name>${dischargeRecord.bedNo!'NA'}</name>
                <asOrganizationPartOf classCode="PART">
                  <!-- DE01.00.019.00病房号 -->
                  <wholeOrganization classCode="ORG" determinerCode="INSTANCE">
                    <id extension="${dischargeRecord.roomNo!'NA'}" root="2.16.156.10011.1.21"/>
                    <name>${dischargeRecord.roomNo!'NA'}</name>
                    <asOrganizationPartOf classCode="PART">
                      <!-- DE08.10.026.00科室名称 -->
                      <wholeOrganization classCode="ORG" determinerCode="INSTANCE">
                        <id extension="${dischargeRecord.deptName!'NA'}" root="2.16.156.10011.1.26"/>
                        <name>${dischargeRecord.deptName!'NA'}</name>
                        <asOrganizationPartOf classCode="PART">
                          <!-- DE08.10.054.00病区名称 -->
                          <wholeOrganization classCode="ORG" determinerCode="INSTANCE">
                            <id extension="${dischargeRecord.areaName!'NA'}" root="2.16.156.10011.1.27"/>
                            <name>${dischargeRecord.areaName!'NA'}</name>
                            <asOrganizationPartOf classCode="PART">
                              <!--医疗机构名称 -->
                              <wholeOrganization classCode="ORG" determinerCode="INSTANCE">
                                <id extension="${hospitalInfo.organCode!'NA'}" root="2.16.156.10011.1.5"/>
                                <name>${hospitalInfo.organName!'NA'}</name>
                              </wholeOrganization>
                            </asOrganizationPartOf>
                          </wholeOrganization>
                        </asOrganizationPartOf>
                      </wholeOrganization>
                    </asOrganizationPartOf>
                  </wholeOrganization>
                </asOrganizationPartOf>
              </wholeOrganization>
            </asOrganizationPartOf>
          </serviceProviderOrganization>
        </healthCareFacility>
      </location>
    </encompassingEncounter>
  </componentOf>
  <component>
    <structuredBody>
      <!-- 主要健康问题章节 -->
      <component>
        <section>
          <code code="11450-4" codeSystem="2.16.840.1.113883.6.1" codeSystemName="LOINC" displayName="Problem list"/>
          <text/>
          <entry>
            <observation classCode="OBS" moodCode="EVN">
              <code code="DE05.10.148.00" codeSystem="2.16.156.10011.2.2.1" codeSystemName="卫生信息数据元目录" displayName="入院情况"/>
              <value xsi:type="ST">${dischargeRecord.inpSituation!'NA'}</value>
            </observation>
          </entry>
        </section>
      </component>
      <!--入院诊断章节 -->
      <component>
        <section>
          <code code="11535-2" codeSystem="2.16.840.1.113883.6.1" codeSystemName="LOINC" displayName="HOSPITAL DISCHARGE DX"/>
          <text/>
          <entry>
            <observation classCode="OBS" moodCode="EVN">
              <code code="DE05.01.024.00" codeSystem="2.16.156.10011.2.2.1" codeSystemName="卫生信息数据元目录" displayName="入院诊断编码"/>
              <value code="${dischargeRecord.inhosDiagnosisCode!'NA'}" codeSystem="2.16.156.10011.2.3.3.11" codeSystemName="ICD-10" displayName="<@dict_tag value="${dischargeRecord.inhosDiagnosisCode!'NA'}" datasetCloumn="INHOS_DIAGNOSIS_CODE">${dict.desc}</@dict_tag>" xsi:type="CD"/>
            </observation>
          </entry>
          <entry>
            <observation classCode="OBS" moodCode="EVN">
              <code code="DE06.00.092.00" codeSystem="2.16.156.10011.2.2.1" codeSystemName="卫生信息数据元目录" displayName="入院日期时间"/>
              <value value="${dischargeRecord.inpDate!'NA'}" xsi:type="TS"/>
            </observation>
          </entry>
          <entry>
            <observation classCode="OBS" moodCode="EVN">
              <code code="DE04.50.128.00" codeSystem="2.16.156.10011.2.2.1" codeSystemName="卫生信息数据元目录" displayName="阳性辅助检查结果"/>
              <value xsi:type="ST">${dischargeRecord.positiveTestResults!'NA'}</value>
            </observation>
          </entry>
          <entry>
            <observation classCode="OBS" moodCode="EVN">
              <code code="DE02.10.028.00" codeSystem="2.16.156.10011.2.2.1" codeSystemName="卫生信息数据元目录" displayName="中医“四诊”观察结果"/>
              <value xsi:type="ST">${dischargeRecord.tcmFourResults!'NA'}</value>
            </observation>
          </entry>
          <entry>
            <observation classCode="OBS" moodCode="EVN">
              <code code="DE06.00.300.00" codeSystem="2.16.156.10011.2.2.1" codeSystemName="卫生信息数据元目录" displayName="治则治法"/>
              <value xsi:type="ST">${dischargeRecord.therapeuticPrinciple!'NA'}</value>
            </observation>
          </entry>
        </section>
      </component>
      <!-- 住院过程章节 -->
      <component>
        <section>
          <code code="8648-8" codeSystem="2.16.840.1.113883.6.1" codeSystemName="LOINC" displayName="Hospital Course"/>
          <text/>
          <entry>
            <observation classCode="OBS" moodCode="EVN">
              <code code="DE06.00.296.00" codeSystem="2.16.156.10011.2.2.1" codeSystemName="卫生信息数据元目录" displayName="诊疗过程描述"/>
              <#if dischargeRecord.diagDesc??>
              <value xsi:type="ST">${dischargeRecord.diagDesc? replace('<','小于')? replace('>','大于')}</value>
              <#else>
              <value xsi:type="ST">${dischargeRecord.diagDesc!'NA'}</value>
              </#if>
            </observation>
          </entry>
        </section>
      </component>
      <!-- 医嘱（用药）章节 -->
      <component>
        <section>
          <code code="46209-3" codeSystem="2.16.840.1.113883.6.1" codeSystemName="LOINC" displayName="Provider Orders"/>
          <text/>
          <entry>
            <observation classCode="OBS" moodCode="EVN">
              <code code="DE08.50.047.00" codeSystem="2.16.156.10011.2.2.1" codeSystemName="卫生信息数据元目录" displayName="中药煎煮方法"/>
              <value xsi:type="ST">${dischargeRecord.chinDecocDecway!'NA'}</value>
            </observation>
          </entry>
          <entry>
            <observation classCode="OBS" moodCode="EVN">
              <code code="DE06.00.136.00" codeSystem="2.16.156.10011.2.2.1" codeSystemName="卫生信息数据元目录" displayName="中药用药方法"/>
              <value xsi:type="ST">${dischargeRecord.chinDrinkDecway!'NA'}</value>
            </observation>
          </entry>
        </section>
      </component>
      <!-- 出院诊断章节 -->
      <component>
        <section>
          <code code="11535-2" codeSystem="2.16.840.1.113883.6.1" codeSystemName="LOINC" displayName="Discharge Diagnosis"/>
          <text/>
          <entry>
            <observation classCode="OBS" moodCode="EVN">
              <code code="DE06.00.193.00" codeSystem="2.16.156.10011.2.2.1" codeSystemName="卫生信息数据元目录" displayName="出院情况"/>
              <#if dischargeRecord.dishospitalSituation??>
              <value xsi:type="ST">${dischargeRecord.dishospitalSituation? replace('<','小于')? replace('>','大于')}</value>
              <#else>
              <value xsi:type="ST">${dischargeRecord.dishospitalSituation!'NA'}</value>
              </#if>
            </observation>
          </entry>
          <entry>
            <observation classCode="OBS" moodCode="EVN">
              <code code="DE06.00.017.00" codeSystem="2.16.156.10011.2.2.1" codeSystemName="卫生信息数据元目录" displayName="出院日期时间"/>
              <value value="${dischargeRecord.dishospitalDate!'NA'}" xsi:type="TS"/>
            </observation>
          </entry>
          <entry>
            <observation classCode="OBS" moodCode="EVN">
              <code code="DE05.01.025.00" codeSystem="2.16.156.10011.2.2.1" codeSystemName="卫生信息数据元目录" displayName="出院诊断-西医诊断名称"/>
              <value xsi:type="ST">${dischargeRecord.outpDiagnosisTypeName!'NA'}</value>
              <entryRelationship typeCode="COMP">
                <observation classCode="OBS" moodCode="EVN">
                  <code code="DE05.01.024.00" codeSystem="2.16.156.10011.2.2.1" codeSystemName="卫生信息数据元目录" displayName="出院诊断-西医诊断编码"/>
                  <value xsi:type="CD" code="${dischargeRecord.outpDiagnosisTypeCode!'NA'}" codeSystem="2.16.156.10011.2.3.3.11" codeSystemName="ICD-10" displayName="<@dict_tag value="${dischargeRecord.outpDiagnosisTypeCode!'NA'}" datasetCloumn="OUTP_DIAGNOSIS_TYPE_CODE">${dict.desc}</@dict_tag>"/>
                </observation>
              </entryRelationship>
            </observation>
          </entry>
          <entry>
            <observation classCode="OBS" moodCode="EVN">
              <code code="DE05.01.024.00" codeSystem="2.16.156.10011.2.2.1" codeSystemName="卫生信息数据元目录" displayName="出院诊断-西医诊断编码"/>
              <value code="${dischargeRecord.outpDiagnosisTypeCode!'NA'}" codeSystem="2.16.156.10011.2.3.3.11.3" codeSystemName="ICD-10诊断编码表" displayName="<@dict_tag value="${dischargeRecord.outpDiagnosisTypeCode!'NA'}" datasetCloumn="OUTP_DIAGNOSIS_TYPE_CODE">${dict.desc}</@dict_tag>" xsi:type="CD"/>
            </observation>
          </entry>
          <#if dischargeRecord.outpDiagnosisCnName??>
          <entry>
            <observation classCode="OBS" moodCode="EVN">
              <code code="DE05.10.172.00" codeSystem="2.16.156.10011.2.2.1" codeSystemName="卫生信息数据元目录" displayName="出院诊断-中医病名名称">
                <qualifier>
                  <name displayName="中医病名名称"/>
                </qualifier>
              </code>
              <value xsi:type="ST">${dischargeRecord.outpDiagnosisCnName!'NA'}</value>
            </observation>
          </entry>
          </#if>
          <#if dischargeRecord.outhosTcmDisCode??>
          <entry>
            <observation classCode="OBS" moodCode="EVN">
              <code code="DE05.10.130.00" codeSystem="2.16.156.10011.2.2.1" codeSystemName="卫生信息数据元目录" displayName="出院诊断-中医病名代码">
                <qualifier>
                  <name displayName="中医病名代码"/>
                </qualifier>
              </code>
              <value code="${dischargeRecord.outhosTcmDisCode!'NA'}" codeSystem="2.16.156.10011.2.3.3.14" codeSystemName="中医病证分类与代码表( GB/T 15657)" displayName="<@dict_tag value="${dischargeRecord.outhosTcmDisCode!'NA'}" datasetCloumn="OUTHOS_TCM_DIS_CODE">${dict.desc}</@dict_tag>" xsi:type="CD"/>
            </observation>
          </entry>
          </#if>
          <#if dischargeRecord.outpDiagnosisTcmName??>
          <entry>
            <observation classCode="OBS" moodCode="EVN">
              <code code="DE05.10.172.00" codeSystem="2.16.156.10011.2.2.1" codeSystemName="卫生信息数据元目录" displayName="出院诊断-中医证候名称">
                <qualifier>
                  <name displayName="中医症候名称"/>
                </qualifier>
              </code>
              <value xsi:type="ST">${dischargeRecord.outpDiagnosisTcmName!'NA'}</value>
            </observation>
          </entry>
          </#if>
          <#if dischargeRecord.outhosSyndromesDisCode??>
          <entry>
            <observation classCode="OBS" moodCode="EVN">
              <code code="DE05.10.130.00" codeSystem="2.16.156.10011.2.2.1" codeSystemName="卫生信息数据元目录" displayName="出院诊断-中医证候代码">
                <qualifier>
                  <name displayName="中医症候代码"/>
                </qualifier>
              </code>
              <value code="${dischargeRecord.outhosSyndromesDisCode!'NA'}" codeSystem="2.16.156.10011.2.3.3.14" codeSystemName="中医病证分类与代码表( GB/T 15657)" displayName="<@dict_tag value="${dischargeRecord.outhosSyndromesDisCode!'NA'}" datasetCloumn="OUTHOS_SYNDROMES_DIS_CODE">${dict.desc}</@dict_tag>" xsi:type="CD"/>
            </observation>
          </entry>
          </#if>
          <entry>
            <observation classCode="OBS" moodCode="EVN">
              <code code="DE04.01.117.00" codeSystem="2.16.156.10011.2.2.1" codeSystemName="卫生信息数据元目录" displayName="出院时症状与体征"/>
              <value xsi:type="ST">${dischargeRecord.dishospitalSymptom!'NA'}</value>
            </observation>
          </entry>
          <entry>
            <observation classCode="OBS" moodCode="EVN">
              <code code="DE06.00.287.00" codeSystem="2.16.156.10011.2.2.1" codeSystemName="卫生信息数据元目录" displayName="出院医嘱"/>
              <value xsi:type="ST">${dischargeRecord.outhosAdvic!'NA'}</value>
            </observation>
          </entry>
        </section>
      </component>
    </structuredBody>
  </component>
</ClinicalDocument>