﻿<?xml version="1.0" encoding="UTF-8"?>

<ClinicalDocument xmlns="urn:hl7-org:v3" xmlns:mif="urn:hl7-org:v3/mif" xmlns:xsi="http://www.w3.org/2001/XMLSchema-instance" xsi:schemaLocation="urn:hl7-org:v3 ..\sdschemas\CDA.xsd">
  <realmCode code="CN"/>
  <typeId extension="POCD_MT000040" root="2.16.840.1.113883.1.3"/>
  <templateId root="2.16.156.10011.2.1.1.24"/>
  <!-- 文档流水号 -->
  <id extension="${docInfo.docId}" root="2.16.156.10011.1.1"/>
  <code code="C0004" codeSystem="2.16.156.10011.2.4" codeSystemName="卫生信息共享文档规范编码体系"/>
  <title>西药处方</title>
  <!-- 文档机器生成时间 -->
  <effectiveTime value="${docInfo.effectiveTime}"/>
  <confidentialityCode code="N" codeSystem="2.16.840.1.113883.5.25" codeSystemName="Confidentiality" displayName="正常访问保密级别"/>
  <languageCode code="zh-CN"/>
  <setId/>
  <versionNumber/>
  <recordTarget contextControlCode="OP" typeCode="RCT">
    <patientRole classCode="PAT">
      <!--门（急）诊号标识 -->
      <id extension="${prescriptionWest.outpNo!'NA'}" root="2.16.156.10011.1.11"/>
      <!--处方编号-->
      <id extension="${prescriptionWest.recipeNo!'NA'}" root="2.16.156.10011.1.20"/>
      <patient classCode="PSN" determinerCode="INSTANCE">
        <!--患者身份证号标识-->
        <id extension="${emrBasicpatient.identityNo!'000000000000000000'}" root="2.16.156.10011.1.3"/>
        <name>${prescriptionWest.patientName!'NA'}</name>
        <administrativeGenderCode code="${prescriptionWest.patientSex!'NA'}" codeSystem="2.16.156.10011.2.3.3.4" codeSystemName="生理性别代码表(GB/T 2261.1)" displayName="<@dict_tag value="${prescriptionWest.patientSex!'NA'}" datasetCloumn="PATIENT_SEX">${dict.desc}</@dict_tag>"/>
        <#if prescriptionWest.ageYear??>
        <age unit="岁" value="${prescriptionWest.ageYear!'NA'}"/>
        <#else>
        <age unit="月" value="${prescriptionWest.patientMonth!'NA'}"/>
        </#if>
      </patient>
      <!-- 开立科室 -->
      <providerOrganization>
        <id root="2.16.156.10011.1.26"/>
        <name>${prescriptionWest.recipeOpendeptName!'NA'}</name>
        <asOrganizationPartOf>
          <wholeOrganization>
            <!-- 机构代码 -->
            <id extension="${prescriptionWest.organCode!'NA'}" root="2.16.156.10011.1.5"/>
            <name>${hospitalInfo.organName!'NA'}</name>
          </wholeOrganization>
        </asOrganizationPartOf>
      </providerOrganization>
    </patientRole>
  </recordTarget>
  <!--创建者-->
  <author contextControlCode="OP" typeCode="AUT">
    <!-- 处方开立日期 -->
    <time value="${prescriptionWest.recipeOpenDate!'NA'}"/>
    <assignedAuthor classCode="ASSIGNED">
      <id extension="${prescriptionWest.recipeOpendoctorName!'NA'}" root="2.16.156.10011.1.7"/>
      <!-- 处方开立医师 -->
      <assignedPerson>
        <name>${prescriptionWest.recipeOpendoctorName!'NA'}</name>
      </assignedPerson>
    </assignedAuthor>
  </author>
  <!-- 保管机构 -->
  <custodian typeCode="CST">
    <assignedCustodian classCode="ASSIGNED">
      <representedCustodianOrganization classCode="ORG" determinerCode="INSTANCE">
        <id extension="${prescriptionWest.organCode!'NA'}" root="2.16.156.10011.1.5"/>
        <name>${hospitalInfo.organName!'NA'}</name>
      </representedCustodianOrganization>
    </assignedCustodian>
  </custodian>
  <!-- 处方审核药剂师签名 -->
  <legalAuthenticator>
    <time/>
    <signatureCode/>
    <assignedEntity>
      <id extension="${prescriptionWest.checkPersonName!'NA'}" root="2.16.156.10011.1.4"/>
      <code displayName="处方审核药剂师"/>
      <assignedPerson classCode="PSN" determinerCode="INSTANCE">
        <name>${prescriptionWest.checkPersonName!'NA'}</name>
      </assignedPerson>
    </assignedEntity>
  </legalAuthenticator>
  <!-- 处方调配药剂师签名 -->
  <authenticator>
    <time/>
    <signatureCode/>
    <assignedEntity>
      <id extension="${prescriptionWest.allocatePersonName!'NA'}" root="2.16.156.10011.1.4"/>
      <code displayName="处方调配药剂师"/>
      <assignedPerson classCode="PSN" determinerCode="INSTANCE">
        <name>${prescriptionWest.allocatePersonName!'NA'}</name>
      </assignedPerson>
    </assignedEntity>
  </authenticator>
  <!-- 处方核对药剂师 -->
  <authenticator>
    <time/>
    <signatureCode/>
    <assignedEntity>
      <id extension="${prescriptionWest.verifyPersonName!'NA'}" root="2.16.156.10011.1.4"/>
      <code displayName="处方核对药剂师"/>
      <assignedPerson classCode="PSN" determinerCode="INSTANCE">
        <name>${prescriptionWest.verifyPersonName!'NA'}</name>
      </assignedPerson>
    </assignedEntity>
  </authenticator>
  <!-- 处方发药药剂师签名 -->
  <authenticator>
    <time/>
    <signatureCode/>
    <assignedEntity>
      <id extension="${prescriptionWest.dispensingPersonName!'NA'}" root="2.16.156.10011.1.4"/>
      <code displayName="处方发药药剂师"/>
      <assignedPerson classCode="PSN" determinerCode="INSTANCE">
        <name>${prescriptionWest.dispensingPersonName!'NA'}</name>
      </assignedPerson>
    </assignedEntity>
  </authenticator>
  <relatedDocument typeCode="RPLC">
    <parentDocument>
      <id/>
      <setId/>
      <versionNumber/>
    </parentDocument>
  </relatedDocument>
  <component>
    <structuredBody>
      <!--诊断记录章节-->
      <component>
        <section>
          <code code="29548-5" codeSystem="2.16.840.1.113883.6.1" codeSystemName="LOINC" displayName="Diagnosis"/>
          <text/>
          <!--条目：诊断-->
          <entry>
            <observation classCode="OBS" moodCode="EVN">
              <code code="DE05.01.024.00" displayName="诊断代码" codeSystem="2.16.156.10011.2.2.1" codeSystemName="卫生信息数据元目录"/>
              <value xsi:type="CD" code="${prescriptionWest.diagCode!'NA'}" codeSystem="2.16.156.10011.2.3.3.11" codeSystemName="ICD-10" displayName="<@dict_tag value="${prescriptionWest.diagCode!'NA'}" datasetCloumn="DIAG_CODE">${dict.desc}</@dict_tag>"/>
            </observation>
          </entry>
        </section>
      </component>
      <!--用药章节 1..*-->
      <component>
        <section>
          <code code="10160-0" codeSystem="2.16.840.1.113883.6.1" codeSystemName="LOINC" displayName="HISTORY OF MEDICATION USE"/>
          <text/>
          <entry>
            <substanceAdministration classCode="SBADM" moodCode="EVN">
              <text/>
              <routeCode code="${prescriptionWest.routeAdministration!'NA'}" codeSystem="2.16.156.10011.2.3.1.158" codeSystemName="用药途径代码表" displayName="<@dict_tag value="${prescriptionWest.routeAdministration!'NA'}" datasetCloumn="ROUTE_ADMINISTRATION">${dict.desc}</@dict_tag>"/>
              <!--用药剂量-单次 -->
              <doseQuantity unit="${prescriptionWest.dosageUnit!'NA'}" value="${prescriptionWest.drugDosage!'NA'}"/>
              <!--用药频率 -->
              <rateQuantity>
                <translation code="${prescriptionWest.drugUsageFrequency!'NA'}" displayName="<@dict_tag value="${prescriptionWest.drugUsageFrequency!'NA'}" datasetCloumn="DRUG_USAGE_FREQUENCY">${dict.desc}</@dict_tag>"/>
              </rateQuantity>
              <!--药物剂型 -->
              <administrationUnitCode code="${prescriptionWest.drugDosageCode!'NA'}" codeSystem="2.16.156.10011.2.3.1.211" displayName="<@dict_tag value="${prescriptionWest.drugDosageCode!'NA'}" datasetCloumn="DRUG_DOSAGE_CODE">${dict.desc}</@dict_tag>" codeSystemName="药物剂型代码表"/>
              <consumable>
                <manufacturedProduct>
                  <manufacturedLabeledDrug>
                    <!--药品代码及名称(通用名) -->
                    <code/>
                    <name>${prescriptionWest.drugName!'NA'}</name>
                  </manufacturedLabeledDrug>
                </manufacturedProduct>
              </consumable>
              <entryRelationship typeCode="COMP">
                <observation classCode="OBS" moodCode="EVN">
                  <code code="DE08.50.043.00" codeSystem="2.16.156.10011.2.2.1" codeSystemName="卫生信息数据元目录" displayName="药物规格"/>
                  <value xsi:type="ST">${prescriptionWest.drugSpec!'NA'}</value>
                </observation>
              </entryRelationship>
              <#if prescriptionWest.usageDosageTotal??>
              <entryRelationship typeCode="COMP">
                <observation classCode="OBS" moodCode="EVN">
                  <code code="DE06.00.135.00" codeSystem="2.16.156.10011.2.2.1" codeSystemName="卫生信息数据元目录" displayName="药物使用总剂量"/>
                  <value xsi:type="PQ" value="${prescriptionWest.usageDosageTotal!'NA'}" unit="${prescriptionWest.dosageUnit!'NA'}"/>
                </observation>
              </entryRelationship>
              </#if> 
            </substanceAdministration>
          </entry>
          <entry>
            <observation classCode="OBS" moodCode="EVN">
              <code code="DE06.00.294.00" codeSystem="2.16.156.10011.2.2.1" codeSystemName="卫生信息数据元目录" displayName="处方有效天数"/>
              <value xsi:type="PQ" value="${prescriptionWest.recipeEffectiveDay!'NA'}" unit="天"/>
            </observation>
          </entry>
          <#if prescriptionWest.recipeGroupNo??>
          <entry>
            <observation classCode="OBS" moodCode="EVN">
              <code code="DE08.50.056.00" codeSystem="2.16.156.10011.2.2.1" codeSystemName="卫生信息数据元目录" displayName="处方药品组号"/>
              <value xsi:type="INT" value="${prescriptionWest.recipeGroupNo!'NA'}"/>
            </observation>
          </entry>
          </#if>
          <entry>
            <observation classCode="OBS" moodCode="EVN">
              <code code="DE06.00.179.00" codeSystem="2.16.156.10011.2.2.1" codeSystemName="卫生信息数据元目录" displayName="处方备注信息"/>
              <value xsi:type="ST">${prescriptionWest.recipeRemark!'NA'}</value>
            </observation>
          </entry>
        </section>
      </component>
      <!--费用章节-->
      <component>
        <section>
          <code code="48768-6" codeSystem="2.16.840.1.113883.6.1" codeSystemName="LOINC" displayName="PAYMENT SOURCES"/>
          <text/>
          <entry>
            <observation classCode="OBS" moodCode="EVN">
              <code code="DE07.00.004.00" codeSystem="2.16.156.10011.2.2.1" codeSystemName="卫生信息数据元目录" displayName="处方药品金额"/>
              <value xsi:type="MO" value="${prescriptionWest.recipeCostsAmount!'NA'}" currency="元"/>
            </observation>
          </entry>
        </section>
      </component>
    </structuredBody>
  </component>
</ClinicalDocument>