﻿<?xml version="1.0" encoding="UTF-8"?>

<ClinicalDocument xmlns="urn:hl7-org:v3" xmlns:mif="urn:hl7-org:v3/mif" xmlns:xsi="http://www.w3.org/2001/XMLSchema-instance" xsi:schemaLocation="urn:hl7-org:v3 ..\sdschemas\CDA.xsd">
  <realmCode code="CN"/>
  <typeId extension="POCD_MT000040" root="2.16.840.1.113883.1.3"/>
  <templateId root="2.16.156.10011.2.1.1.36"/>
  <!-- 文档流水号 -->
  <id extension="${docInfo.docId}" root="2.16.156.10011.1.1"/>
  <code code="C0016" codeSystem="2.16.156.10011.2.4" codeSystemName="卫生信息共享文档规范编码体系"/>
  <title>剖宫产记录</title>
  <!-- 文档机器生成时间 -->
  <effectiveTime value="${docInfo.effectiveTime}"/>
  <confidentialityCode code="N" codeSystem="2.16.840.1.113883.5.25" codeSystemName="Confidentiality" displayName="正常访问保密级别"/>
  <languageCode code="zh-CN"/>
  <setId/>
  <versionNumber/>
  <recordTarget contextControlCode="OP" typeCode="RCT">
    <patientRole classCode="PAT">
      <!--住院号 -->
      <id extension="${caesareanSectionRecord.inpNo!'NA'}" root="2.16.156.10011.1.12"/>
      <patient classCode="PSN" determinerCode="INSTANCE">
        <!--患者身份证号标识-->
        <id extension="${emrBasicpatient.identityNo!'000000000000000000'}" root="2.16.156.10011.1.3"/>
        <name>${caesareanSectionRecord.patientName!'NA'}</name>
        <age unit="岁" value="${caesareanSectionRecord.ageYear!'NA'}"/>
      </patient>
    </patientRole>
  </recordTarget>
  <!-- 文档创作者 -->
  <author contextControlCode="OP" typeCode="AUT">
    <time value="${caesareanSectionRecord.operateEndTime!'NA'}"/>
    <assignedAuthor classCode="ASSIGNED">
      <id extension="${caesareanSectionRecord.recordSign!'NA'}" root="2.16.156.10011.1.7"/>
      <assignedPerson>
        <name>${caesareanSectionRecord.recordSign!'NA'}</name>
      </assignedPerson>
    </assignedAuthor>
  </author>
  <!-- 保管机构 -->
  <custodian typeCode="CST">
    <assignedCustodian classCode="ASSIGNED">
      <representedCustodianOrganization classCode="ORG" determinerCode="INSTANCE">
        <id extension="${hospitalInfo.organCode!'NA'}" root="2.16.156.10011.1.5"/>
        <name>${hospitalInfo.organName!'NA'}</name>
      </representedCustodianOrganization>
    </assignedCustodian>
  </custodian>
  <!-- 手术者 -->
  <authenticator>
    <time/>
    <signatureCode/>
    <assignedEntity>
      <id extension="${caesareanSectionRecord.operationDoctorName!'NA'}" root="2.16.156.10011.1.4"/>
      <code displayName="手术者"/>
      <assignedPerson>
        <name>${caesareanSectionRecord.operationDoctorName!'NA'}</name>
      </assignedPerson>
    </assignedEntity>
  </authenticator>
  <!-- 麻醉医师 -->
  <authenticator>
    <time/>
    <signatureCode/>
    <assignedEntity>
      <id extension="${caesareanSectionRecord.doctorAnes!'NA'}" root="2.16.156.10011.1.4"/>
      <code displayName="麻醉医师"/>
      <assignedPerson>
        <name>${caesareanSectionRecord.doctorAnes!'NA'}</name>
      </assignedPerson>
    </assignedEntity>
  </authenticator>
  <!-- 器械护士 -->
  <authenticator>
    <time/>
    <signatureCode/>
    <assignedEntity>
      <id extension="${caesareanSectionRecord.nstrumentNurseName!'NA'}" root="2.16.156.10011.1.4"/>
      <code displayName="器械护士"/>
      <assignedPerson>
        <name>${caesareanSectionRecord.nstrumentNurseName!'NA'}</name>
      </assignedPerson>
    </assignedEntity>
  </authenticator>
  <!-- 助手 -->
  <authenticator>
    <time/>
    <signatureCode/>
    <assignedEntity>
      <id extension="${caesareanSectionRecord.operationAssistantName!'NA'}" root="2.16.156.10011.1.4"/>
      <code displayName="助手"/>
      <assignedPerson>
        <name>${caesareanSectionRecord.operationAssistantName!'NA'}</name>
      </assignedPerson>
    </assignedEntity>
  </authenticator>
  <!-- 护婴者 -->
  <authenticator>
    <time/>
    <signatureCode/>
    <assignedEntity>
      <id extension="${caesareanSectionRecord.pediatricianSign!'NA'}" root="2.16.156.10011.1.4"/>
      <code displayName="护婴者"/>
      <assignedPerson>
        <name>${caesareanSectionRecord.pediatricianSign!'NA'}</name>
      </assignedPerson>
    </assignedEntity>
  </authenticator>
  <!-- 指导者 -->
  <authenticator>
    <time/>
    <signatureCode/>
    <assignedEntity>
      <id extension="${caesareanSectionRecord.operationDoctorName!'NA'}" root="2.16.156.10011.1.4"/>
      <code displayName="指导者"/>
      <assignedPerson>
        <name>${caesareanSectionRecord.operationDoctorName!'NA'}</name>
      </assignedPerson>
    </assignedEntity>
  </authenticator>
  <!-- 记录人 -->
  <authenticator>
    <time/>
    <signatureCode/>
    <assignedEntity>
      <id extension="${caesareanSectionRecord.recordSign!'NA'}" root="2.16.156.10011.1.4"/>
      <code displayName="记录人"/>
      <assignedPerson>
        <name>${caesareanSectionRecord.recordSign!'NA'}</name>
      </assignedPerson>
    </assignedEntity>
  </authenticator>
  <participant typeCode="NOT">
    <!--联系人@classCode：CON，固定值，表示角色是联系人 -->
    <associatedEntity classCode="ECON">
      <!--联系人电话-->
      <telecom value="${emrBasicpatient.contactPhone!'NA'}"/>
      <associatedPerson>
        <!--联系人姓名-->
        <name>${emrBasicpatient.contactName!'NA'}</name>
      </associatedPerson>
    </associatedEntity>
  </participant>
  <relatedDocument typeCode="RPLC">
    <parentDocument>
      <id/>
      <setId/>
      <versionNumber/>
    </parentDocument>
  </relatedDocument>
  <!-- 病床号、病房、病区、科室和医院的关联 -->
  <componentOf>
    <encompassingEncounter>
      <effectiveTime/>
      <location>
        <healthCareFacility>
          <serviceProviderOrganization>
            <asOrganizationPartOf classCode="PART">
              <!--HDSD00.09.003 DE01.00.026.00 病床号 -->
              <wholeOrganization classCode="ORG" determinerCode="INSTANCE">
                <id extension="${caesareanSectionRecord.bedNo!'NA'}" root="2.16.156.10011.1.22"/>
                <name>${caesareanSectionRecord.bedNo!'NA'}</name>
                <asOrganizationPartOf classCode="PART">
                  <!--HDSD00.09.004 DE01.00.019.00 病房号 -->
                  <wholeOrganization classCode="ORG" determinerCode="INSTANCE">
                    <id extension="${caesareanSectionRecord.areaNo!'NA'}" root="2.16.156.10011.1.21"/>
                    <name>${caesareanSectionRecord.areaNo!'NA'}</name>
                    <asOrganizationPartOf classCode="PART">
                      <!--HDSD00.09.036 DE08.10.026.00 科室名称 -->
                      <wholeOrganization classCode="ORG" determinerCode="INSTANCE">
                        <id extension="${caesareanSectionRecord.deptName!'NA'}" root="2.16.156.10011.1.26"/>
                        <name>${caesareanSectionRecord.deptName!'NA'}</name>
                        <asOrganizationPartOf classCode="PART">
                          <!--HDSD00.09.005 DE08.10.054.00 病区名称-->
                          <wholeOrganization classCode="ORG" determinerCode="INSTANCE">
                            <id extension="${caesareanSectionRecord.areaName!'NA'}" root="2.16.156.10011.1.27"/>
                            <name>${caesareanSectionRecord.areaName!'NA'}</name>
                            <asOrganizationPartOf classCode="PART">
                              <!--医疗机构名称 -->
                              <wholeOrganization classCode="ORG" determinerCode="INSTANCE">
                                <id extension="${hospitalInfo.organCode!'NA'}" root="2.16.156.10011.1.5"/>
                                <name>${hospitalInfo.organName!'NA'}</name>
                              </wholeOrganization>
                            </asOrganizationPartOf>
                          </wholeOrganization>
                        </asOrganizationPartOf>
                      </wholeOrganization>
                    </asOrganizationPartOf>
                  </wholeOrganization>
                </asOrganizationPartOf>
              </wholeOrganization>
            </asOrganizationPartOf>
          </serviceProviderOrganization>
        </healthCareFacility>
      </location>
    </encompassingEncounter>
  </componentOf>
  <component>
    <structuredBody>
      <!-- 手术操作章节 -->
      <component>
        <section>
          <code code="47519-4" codeSystem="2.16.840.1.113883.6.1" codeSystemName="LOINC" displayName="HISTORY OF PROCEDURES"/>
          <text/>
          <entry>
            <observation classCode="OBS" moodCode="EVN">
              <code code="DE06.00.197.00" codeSystem="2.16.156.10011.2.2.1" codeSystemName="卫生信息数据元目录" displayName="待产日期时间"/>
              <value value="${caesareanSectionRecord.predeliveryDatetime!'NA'}" xsi:type="TS"/>
            </observation>
          </entry>
          <entry>
            <observation classCode="OBS" moodCode="EVN">
              <code code="DE05.10.156.00" codeSystem="2.16.156.10011.2.2.1" codeSystemName="卫生信息数据元目录" displayName="胎膜完整情况标志"/>
              <value value="${caesareanSectionRecord.intactFetalmembranesCode!'NA'}" xsi:type="BL"/>
            </observation>
          </entry>
          <entry>
            <observation classCode="OBS" moodCode="EVN">
              <code code="DE04.30.055.00" codeSystem="2.16.156.10011.2.2.1" codeSystemName="卫生信息数据元目录" displayName="脐带长度（cm）"/>
              <value unit="cm" value="${caesareanSectionRecord.umbilicalCordLength!'NA'}" xsi:type="PQ"/>
            </observation>
          </entry>
          <entry>
            <observation classCode="OBS" moodCode="EVN">
              <code code="DE04.30.059.00" codeSystem="2.16.156.10011.2.2.1" codeSystemName="卫生信息数据元目录" displayName="绕颈身（周）"/>
              <value unit="周" value="${caesareanSectionRecord.umbilicalcordWindingNumber!'NA'}" xsi:type="PQ"/>
            </observation>
          </entry>
          <entry>
            <observation classCode="OBS" moodCode="EVN">
              <code code="DE05.10.109.00" codeSystem="2.16.156.10011.2.2.1" codeSystemName="卫生信息数据元目录" displayName="产前诊断"/>
              <value xsi:type="ST">${caesareanSectionRecord.preoperationDiag!'NA'}</value>
            </observation>
          </entry>
          <entry>
            <observation classCode="OBS" moodCode="EVN">
              <code code="DE06.00.340.00" codeSystem="2.16.156.10011.2.2.1" codeSystemName="卫生信息数据元目录" displayName="手术指征"/>
              <value xsi:type="ST">${caesareanSectionRecord.operationIndications!'NA'}</value>
            </observation>
          </entry>
          <entry>
            <procedure classCode="PROC" moodCode="EVN">
              <code code="${caesareanSectionRecord.operationCode!'NA'}" codeSystem="2.16.156.10011.2.3.3.12" codeSystemName="手术(操作)代码表(ICD-9-CM)" displayName="<@dict_tag value="${caesareanSectionRecord.operationCode!'NA'}" datasetCloumn="OPERATION_CODE">${dict.desc}</@dict_tag>" xsi:type="CD"/>
            </procedure>
          </entry>
          <entry>
            <observation classCode="OBS" moodCode="EVN">
              <code code="DE06.00.221.00" codeSystem="2.16.156.10011.2.2.1" codeSystemName="卫生信息数据元目录" displayName="手术开始日期时间"/>
              <value value="${caesareanSectionRecord.operationStartTime!'NA'}" xsi:type="TS"/>
            </observation>
          </entry>
          <entry>
            <observation classCode="OBS" moodCode="EVN">
              <code code="DE06.00.073.00" codeSystem="2.16.156.10011.2.2.1" codeSystemName="卫生信息数据元目录" displayName="麻醉方法代码"/>
              <value code="${caesareanSectionRecord.operateMzfsId!'NA'}" codeSystem="2.16.156.10011.2.3.1.159" codeSystemName="麻醉方法代码表" xsi:type="CD" displayName="<@dict_tag value="${caesareanSectionRecord.operateMzfsId!'NA'}" datasetCloumn="OPERATE_MZFS_ID">${dict.desc}</@dict_tag>"/>
            </observation>
          </entry>
          <entry>
            <observation classCode="OBS" moodCode="EVN">
              <code code="DE04.10.260.00" codeSystem="2.16.156.10011.2.2.1" codeSystemName="卫生信息数据元目录" displayName="麻醉体位"/>
              <value xsi:type="ST">${caesareanSectionRecord.anesthesiaPosition!'NA'}</value>
            </observation>
          </entry>
          <entry>
            <observation classCode="OBS" moodCode="EVN">
              <code code="DE06.00.253.00" codeSystem="2.16.156.10011.2.2.1" codeSystemName="卫生信息数据元目录" displayName="麻醉效果"/>
              <value xsi:type="ST">${caesareanSectionRecord.anesthesiaEffect!'NA'}</value>
            </observation>
          </entry>
          <entry>
            <observation classCode="OBS" moodCode="EVN">
              <code code="DE05.10.063.00" codeSystem="2.16.156.10011.2.2.1" codeSystemName="卫生信息数据元目录" displayName="剖宫产手术过程"/>
              <value xsi:type="ST">${caesareanSectionRecord.cesareanProcess!'NA'}</value>
            </observation>
          </entry>
          <entry>
            <observation classCode="OBS" moodCode="EVN">
              <code code="DE04.10.233.00" codeSystem="2.16.156.10011.2.2.1" codeSystemName="卫生信息数据元目录" displayName="子宫情况"/>
              <value xsi:type="ST">${caesareanSectionRecord.uterineConditions!'NA'}</value>
            </observation>
          </entry>
          <entry>
            <observation classCode="OBS" moodCode="EVN">
              <code code="DE05.01.044.00" codeSystem="2.16.156.10011.2.2.1" codeSystemName="卫生信息数据元目录" displayName="胎方位代码"/>
              <value code="${caesareanSectionRecord.fetalPositionCode!'NA'}" codeSystem="2.16.156.10011.2.3.1.106" codeSystemName="胎方位代码表" xsi:type="CD" displayName="<@dict_tag value="${caesareanSectionRecord.fetalPositionCode!'NA'}" datasetCloumn="FETAL_POSITION_CODE">${dict.desc}</@dict_tag>"/>
            </observation>
          </entry>
          <entry>
            <observation classCode="OBS" moodCode="EVN">
              <code code="DE05.10.173.00" codeSystem="2.16.156.10011.2.2.1" codeSystemName="卫生信息数据元目录" displayName="胎儿娩出方式"/>
              <value xsi:type="ST">${caesareanSectionRecord.fetalChildbirthWay!'NA'}</value>
            </observation>
          </entry>
          <entry>
            <observation classCode="OBS" moodCode="EVN">
              <code code="DE05.10.153.00" codeSystem="2.16.156.10011.2.2.1" codeSystemName="卫生信息数据元目录" displayName="胎盘黄染">
                <qualifier>
                  <name displayName="胎盘黄染"/>
                </qualifier>
              </code>
              <value xsi:type="ST"/>
            </observation>
          </entry>
          <entry>
            <observation classCode="OBS" moodCode="EVN">
              <code code="DE05.10.153.00" codeSystem="2.16.156.10011.2.2.1" codeSystemName="卫生信息数据元目录" displayName="胎膜黄染">
                <qualifier>
                  <name displayName="胎膜黄染"/>
                </qualifier>
              </code>
              <value xsi:type="ST"/>
            </observation>
          </entry>
          <entry>
            <observation classCode="OBS" moodCode="EVN">
              <code code="DE04.30.054.00" codeSystem="2.16.156.10011.2.2.1" codeSystemName="卫生信息数据元目录" displayName="脐带缠绕情况"/>
              <value xsi:type="ST">${caesareanSectionRecord.abnumberrmalUmbilicalCord!'NA'}</value>
            </observation>
          </entry>
          <entry>
            <observation classCode="OBS" moodCode="EVN">
              <code code="DE04.30.056.00" codeSystem="2.16.156.10011.2.2.1" codeSystemName="卫生信息数据元目录" displayName="脐带扭转（周）"/>
              <value unit="周" value="${caesareanSectionRecord.umbilicalCordTwist!'NA'}" xsi:type="PQ"/>
            </observation>
          </entry>
          <entry>
            <observation classCode="OBS" moodCode="EVN">
              <code code="DE04.50.138.00" codeSystem="2.16.156.10011.2.2.1" codeSystemName="卫生信息数据元目录" displayName="存脐带血情况标志"/>
              <value value="${caesareanSectionRecord.umbilicalBloodCord!'NA'}" xsi:type="BL"/>
            </observation>
          </entry>
          <entry>
            <observation classCode="OBS" moodCode="EVN">
              <code code="DE06.00.200.00" codeSystem="2.16.156.10011.2.2.1" codeSystemName="卫生信息数据元目录" displayName="子宫壁缝合情况"/>
              <value xsi:type="ST">${caesareanSectionRecord.uterineWallSuture!'NA'}</value>
            </observation>
          </entry>
          <entry>
            <observation classCode="OBS" moodCode="EVN">
              <code code="DE08.50.022.00" codeSystem="2.16.156.10011.2.2.1" codeSystemName="卫生信息数据元目录" displayName="宫缩剂名称"/>
              <value xsi:type="ST">${caesareanSectionRecord.uterotonicsName!'NA'}</value>
            </observation>
          </entry>
          <entry>
            <observation classCode="OBS" moodCode="EVN">
              <code code="DE06.00.136.00" codeSystem="2.16.156.10011.2.2.1" codeSystemName="卫生信息数据元目录" displayName="宫缩剂使用方法"/>
              <value xsi:type="ST">${caesareanSectionRecord.uterotonicsUse!'NA'}</value>
            </observation>
          </entry>
          <entry>
            <observation classCode="OBS" moodCode="EVN">
              <code code="DE08.50.022.00" codeSystem="2.16.156.10011.2.2.1" codeSystemName="卫生信息数据元目录" displayName="手术用药"/>
              <value xsi:type="ST">${caesareanSectionRecord.operateDrug!'NA'}</value>
            </observation>
          </entry>
          <entry>
            <observation classCode="OBS" moodCode="EVN">
              <code code="DE06.00.293.00" codeSystem="2.16.156.10011.2.2.1" codeSystemName="卫生信息数据元目录" displayName="手术用药量"/>
              <value xsi:type="ST">${caesareanSectionRecord.operateDrugDosage!'NA'}</value>
            </observation>
          </entry>
          <entry>
            <observation classCode="OBS" moodCode="EVN">
              <code code="DE04.10.233.00" codeSystem="2.16.156.10011.2.2.1" codeSystemName="卫生信息数据元目录" displayName="腹腔探查子宫"/>
              <value xsi:type="ST">${caesareanSectionRecord.abdominalExplorationUterus!'NA'}</value>
            </observation>
          </entry>
          <entry>
            <observation classCode="OBS" moodCode="EVN">
              <code code="DE04.10.042.00" codeSystem="2.16.156.10011.2.2.1" codeSystemName="卫生信息数据元目录" displayName="腹腔探查附件"/>
              <value xsi:type="ST">${caesareanSectionRecord.abdominalExplorationAnnex!'NA'}</value>
            </observation>
          </entry>
          <entry>
            <observation classCode="OBS" moodCode="EVN">
              <code code="DE04.30.053.00" codeSystem="2.16.156.10011.2.2.1" codeSystemName="卫生信息数据元目录" displayName="宫腔探查异常情况标志"/>
              <value value="${caesareanSectionRecord.intrauterExploratAnomalies!'NA'}" xsi:type="BL"/>
            </observation>
          </entry>
          <entry>
            <observation classCode="OBS" moodCode="EVN">
              <code code="DE05.10.166.00" codeSystem="2.16.156.10011.2.2.1" codeSystemName="卫生信息数据元目录" displayName="宫腔探查肌瘤标志"/>
              <value value="${caesareanSectionRecord.exploreFibroidsFlag!'NA'}" xsi:type="BL"/>
            </observation>
          </entry>
          <entry>
            <observation classCode="OBS" moodCode="EVN">
              <code code="DE04.30.052.00" codeSystem="2.16.156.10011.2.2.1" codeSystemName="卫生信息数据元目录" displayName="宫腔探查处理情况"/>
              <value xsi:type="ST">${caesareanSectionRecord.intrauterineExploratTreat!'NA'}</value>
            </observation>
          </entry>
          <entry>
            <observation classCode="OBS" moodCode="EVN">
              <code code="DE05.10.134.00" codeSystem="2.16.156.10011.2.2.1" codeSystemName="卫生信息数据元目录" displayName="手术时产妇情况"/>
              <value xsi:type="ST">${caesareanSectionRecord.operationMaternity!'NA'}</value>
            </observation>
          </entry>
          <entry>
            <observation classCode="OBS" moodCode="EVN">
              <code code="DE06.00.097.00" codeSystem="2.16.156.10011.2.2.1" codeSystemName="卫生信息数据元目录" displayName="出血量（mL）"/>
              <value unit="ml" value="${caesareanSectionRecord.bloodLossed!'NA'}" xsi:type="PQ"/>
            </observation>
          </entry>
          <entry>
            <observation classCode="OBS" moodCode="EVN">
              <code code="DE06.00.262.00" codeSystem="2.16.156.10011.2.2.1" codeSystemName="卫生信息数据元目录" displayName="输血成分"/>
              <value xsi:type="ST">${caesareanSectionRecord.transIngredients!'NA'}</value>
            </observation>
          </entry>
          <entry>
            <observation classCode="OBS" moodCode="EVN">
              <code code="DE06.00.267.00" codeSystem="2.16.156.10011.2.2.1" codeSystemName="卫生信息数据元目录" displayName="输血量（mL）"/>
              <value unit="ml" value="${caesareanSectionRecord.bloodTransfered!'NA'}" xsi:type="PQ"/>
            </observation>
          </entry>
          <entry>
            <observation classCode="OBS" moodCode="EVN">
              <code code="DE06.00.268.00" codeSystem="2.16.156.10011.2.2.1" codeSystemName="卫生信息数据元目录" displayName="输液量（mL）"/>
              <value unit="ml" value="${caesareanSectionRecord.operationInfusion!'NA'}" xsi:type="PQ"/>
            </observation>
          </entry>
          <entry>
            <observation classCode="OBS" moodCode="EVN">
              <code code="DE06.00.318.00" codeSystem="2.16.156.10011.2.2.1" codeSystemName="卫生信息数据元目录" displayName="供氧时间（min）"/>
              <value unit="min" value="${caesareanSectionRecord.oxygenSupplyTime!'NA'}" xsi:type="PQ"/>
            </observation>
          </entry>
          <entry>
            <observation classCode="OBS" moodCode="EVN">
              <code code="DE08.50.022.00" codeSystem="2.16.156.10011.2.2.1" codeSystemName="卫生信息数据元目录" displayName="其他用药"/>
              <value xsi:type="ST">${caesareanSectionRecord.otherDrugName!'NA'}</value>
            </observation>
          </entry>
          <entry>
            <observation classCode="OBS" moodCode="EVN">
              <code code="DE06.00.179.00" codeSystem="2.16.156.10011.2.2.1" codeSystemName="卫生信息数据元目录" displayName="其他情况"/>
              <value xsi:type="ST">${caesareanSectionRecord.otherDrugUse!'NA'}</value>
            </observation>
          </entry>
          <entry>
            <observation classCode="OBS" moodCode="EVN">
              <code code="DE06.00.218.00" codeSystem="2.16.156.10011.2.2.1" codeSystemName="卫生信息数据元目录" displayName="手术结束日期时间"/>
              <value value="${caesareanSectionRecord.operateEndTime!'NA'}" xsi:type="TS"/>
            </observation>
          </entry>
          <entry>
            <observation classCode="OBS" moodCode="EVN">
              <code code="DE06.00.259.00" codeSystem="2.16.156.10011.2.2.1" codeSystemName="卫生信息数据元目录" displayName="手术全程时间（min）"/>
              <value unit="min" value="${caesareanSectionRecord.operationFullTime!'NA'}" xsi:type="PQ"/>
            </observation>
          </entry>
        </section>
      </component>
      <!-- 产后处置章节 -->
      <component>
        <section>
          <code code="57076-2" codeSystem="2.16.840.1.113883.6.1" codeSystemName="LOINC" displayName="postpartum hospitalization treatment"/>
          <text/>
          <entry>
            <observation classCode="OBS" moodCode="EVN">
              <code code="DE05.10.007.00" codeSystem="2.16.156.10011.2.2.1" codeSystemName="卫生信息数据元目录" displayName="产后诊断"/>
              <value xsi:type="ST">${caesareanSectionRecord.operateAfterName!'NA'}</value>
            </observation>
          </entry>
          <entry>
            <observation classCode="OBS" moodCode="EVN">
              <code code="DE06.00.218.00" codeSystem="2.16.156.10011.2.2.1" codeSystemName="卫生信息数据元目录" displayName="产后观察日期时间"/>
              <value value="${caesareanSectionRecord.postoperObservationDate!'NA'}" xsi:type="TS"/>
            </observation>
          </entry>
          <entry>
            <observation classCode="OBS" moodCode="EVN">
              <code code="DE04.10.246.00" codeSystem="2.16.156.10011.2.2.1" codeSystemName="卫生信息数据元目录" displayName="产后检查时间（min）"/>
              <value unit="min" value="${caesareanSectionRecord.postoperativeCheckTime!'NA'}" xsi:type="PQ"/>
            </observation>
          </entry>
          <entry>
            <organizer classCode="BATTERY" moodCode="EVN">
              <statusCode/>
              <component>
                <observation classCode="OBS" moodCode="EVN">
                  <code code="DE04.10.174.00" codeSystem="2.16.156.10011.2.2.1" codeSystemName="卫生信息数据元目录" displayName="收缩压"/>
                  <value unit="mmHg" value="${caesareanSectionRecord.bloodpressureh!'NA'}" xsi:type="PQ"/>
                </observation>
              </component>
              <component>
                <observation classCode="OBS" moodCode="EVN">
                  <code code="DE04.10.176.00" codeSystem="2.16.156.10011.2.2.1" codeSystemName="卫生信息数据元目录" displayName="舒张压"/>
                  <value unit="mmHg" value="${caesareanSectionRecord.bloodpressurel!'NA'}" xsi:type="PQ"/>
                </observation>
              </component>
            </organizer>
          </entry>
          <entry>
            <observation classCode="OBS" moodCode="EVN">
              <code code="DE04.10.118.00" codeSystem="2.16.156.10011.2.2.1" codeSystemName="卫生信息数据元目录" displayName="产后脉搏（次/min ）"/>
              <value unit="次/min" value="${caesareanSectionRecord.pulse!'NA'}" xsi:type="PQ"/>
            </observation>
          </entry>
          <entry>
            <observation classCode="OBS" moodCode="EVN">
              <code code="DE04.10.206.00" codeSystem="2.16.156.10011.2.2.1" codeSystemName="卫生信息数据元目录" displayName="产后心率（次/min ）"/>
              <value unit="/次min" value="${caesareanSectionRecord.cardiotach!'NA'}" xsi:type="PQ"/>
            </observation>
          </entry>
          <entry>
            <observation classCode="OBS" moodCode="EVN">
              <code code="DE04.10.012.00" codeSystem="2.16.156.10011.2.2.1" codeSystemName="卫生信息数据元目录" displayName="产后出血量（mL）"/>
              <value unit="ml" value="${caesareanSectionRecord.postoperBloodLossed!'NA'}" xsi:type="PQ"/>
            </observation>
          </entry>
          <entry>
            <observation classCode="OBS" moodCode="EVN">
              <code code="DE04.10.245.00" codeSystem="2.16.156.10011.2.2.1" codeSystemName="卫生信息数据元目录" displayName="产后宫缩"/>
              <value xsi:type="ST">${caesareanSectionRecord.postpartumUterineContraction!'NA'}</value>
            </observation>
          </entry>
          <entry>
            <observation classCode="OBS" moodCode="EVN">
              <code code="DE04.10.067.00" codeSystem="2.16.156.10011.2.2.1" codeSystemName="卫生信息数据元目录" displayName="产后宫底高度（cm）"/>
              <value unit="cm" value="${caesareanSectionRecord.postpartumUterineHeight!'NA'}" xsi:type="PQ"/>
            </observation>
          </entry>
        </section>
      </component>
      <!-- 新生儿章节 -->
      <component>
        <section>
          <code code="57075-4" codeSystem="2.16.840.1.113883.6.1" codeSystemName="LOINC" displayName="newborn delivery information"/>
          <text/>
          <entry>
            <observation classCode="OBS" moodCode="EVN">
              <code code="DE02.01.040.00" codeSystem="2.16.156.10011.2.2.1" codeSystemName="卫生信息数据元目录" displayName="新生儿性别代码"/>
              <value code="${caesareanSectionRecord.newbornSex!'NA'}" codeSystem="2.16.156.10011.2.3.3.4" codeSystemName="生理性别代码表(GB/T 2261.1)" xsi:type="CD" displayName="<@dict_tag value="${caesareanSectionRecord.newbornSex!'NA'}" datasetCloumn="NEWBORN_SEX">${dict.desc}</@dict_tag>"/>
            </observation>
          </entry>
          <entry>
            <observation classCode="OBS" moodCode="EVN">
              <code code="DE04.10.019.00" codeSystem="2.16.156.10011.2.2.1" codeSystemName="卫生信息数据元目录" displayName="新生儿出生体重（g）"/>
              <value unit="g" value="${caesareanSectionRecord.birthWeight!'NA'}" xsi:type="PQ"/>
            </observation>
          </entry>
          <entry>
            <observation classCode="OBS" moodCode="EVN">
              <code code="DE04.10.018.00" codeSystem="2.16.156.10011.2.2.1" codeSystemName="卫生信息数据元目录" displayName="新生儿出生身长（cm）"/>
              <value unit="cm" value="${caesareanSectionRecord.newbornHeight!'NA'}" xsi:type="PQ"/>
            </observation>
          </entry>
          <entry>
            <observation classCode="OBS" moodCode="EVN">
              <code code="DE05.10.168.00" codeSystem="2.16.156.10011.2.2.1" codeSystemName="卫生信息数据元目录" displayName="产瘤大小"/>
              <value xsi:type="ST">${caesareanSectionRecord.tumorSize!'NA'}</value>
            </observation>
          </entry>
          <entry>
            <observation classCode="OBS" moodCode="EVN">
              <code code="DE05.10.167.00" codeSystem="2.16.156.10011.2.2.1" codeSystemName="卫生信息数据元目录" displayName="产瘤部位"/>
              <value xsi:type="ST">${caesareanSectionRecord.tumorLocation!'NA'}</value>
            </observation>
          </entry>
        </section>
      </component>
      <!-- 分娩评估章节 -->
      <component>
        <section>
          <code code="51848-0" codeSystem="2.16.840.1.113883.6.1" codeSystemName="LOINC" displayName="Assessment note"/>
          <text/>
          <entry>
            <observation classCode="OBS" moodCode="EVN">
              <code code="DE06.00.215.00" codeSystem="2.16.156.10011.2.2.1" codeSystemName="卫生信息数据元目录" displayName="Apgar评分间隔时间代码"/>
              <value code="${caesareanSectionRecord.apgarCode!'NA'}" codeSystem="2.16.156.10011.2.3.2.48" codeSystemName="Apgar评分间隔时间代码表" displayName="<@dict_tag value="${caesareanSectionRecord.apgarCode!'NA'}" datasetCloumn="APGAR_CODE">${dict.desc}</@dict_tag>" xsi:type="CD"/>
            </observation>
          </entry>
          <entry>
            <observation classCode="OBS" moodCode="EVN">
              <code code="DE05.10.001.00" codeSystem="2.16.156.10011.2.2.1" codeSystemName="卫生信息数据元目录" displayName="Apgar评分值"/>
              <value value="${caesareanSectionRecord.apgarScore!'NA'}" xsi:type="INT"/>
            </observation>
          </entry>
          <entry>
            <observation classCode="OBS" moodCode="EVN">
              <code code="DE06.00.026.00" codeSystem="2.16.156.10011.2.2.1" codeSystemName="卫生信息数据元目录" displayName="分娩结局代码"/>
              <value code="${caesareanSectionRecord.deliveryOutcomeCode!'NA'}" codeSystem="2.16.156.10011.2.3.2.49" codeSystemName="分娩结局代码表" displayName="<@dict_tag value="${caesareanSectionRecord.deliveryOutcomeCode!'NA'}" datasetCloumn="DELIVERY_OUTCOME_CODE">${dict.desc}</@dict_tag>" xsi:type="CD"/>
            </observation>
          </entry>
          <entry>
            <observation classCode="OBS" moodCode="EVN">
              <code code="DE05.10.160.00" codeSystem="2.16.156.10011.2.2.1" codeSystemName="卫生信息数据元目录" displayName="新生儿异常情况代码"/>
              <value code="${caesareanSectionRecord.newbornAbnormalCode!'NA'}" codeSystem="2.16.156.10011.2.3.1.254" codeSystemName="新生儿异常情况代码表" displayName="<@dict_tag value="${caesareanSectionRecord.newbornAbnormalCode!'NA'}" datasetCloumn="NEWBORN_ABNORMAL_CODE">${dict.desc}</@dict_tag>" xsi:type="CD"/>
            </observation>
          </entry>
        </section>
      </component>
    </structuredBody>
  </component>
</ClinicalDocument>