﻿<?xml version="1.0" encoding="UTF-8"?>

<ClinicalDocument xmlns="urn:hl7-org:v3" xmlns:mif="urn:hl7-org:v3/mif" xmlns:xsi="http://www.w3.org/2001/XMLSchema-instance" xsi:schemaLocation="urn:hl7-org:v3 ..\sdschemas\CDA.xsd">
  <realmCode code="CN"/>
  <typeId extension="POCD_MT000040" root="2.16.840.1.113883.1.3"/>
  <templateId root="2.16.156.10011.2.1.1.55"/>
  <!-- 文档流水号 -->
  <id extension="${docInfo.docId}" root="2.16.156.10011.1.1"/>
  <code code="C0035" codeSystem="2.16.156.10011.2.4" codeSystemName="卫生信息共享文档规范编码体系"/>
  <title>24h内入出院记录</title>
  <!-- 文档机器生成时间 -->
  <effectiveTime value="${docInfo.effectiveTime}"/>
  <confidentialityCode code="N" codeSystem="2.16.840.1.113883.5.25" codeSystemName="Confidentiality" displayName="正常访问保密级别"/>
  <languageCode code="zh-CN"/>
  <setId/>
  <versionNumber/>
  <!--文档记录对象（患者） [1..*] contextControlCode="OP"表示本信息可以被重载-->
  <recordTarget contextControlCode="OP" typeCode="RCT">
    <patientRole classCode="PAT">
      <!--住院号标识-->
      <id extension="${h24AdmissionDischargeRecord.inpNo!'NA'}" root="2.16.156.10011.1.12"/>
      <!-- 现住址 -->
      <addr use="H">
        <houseNumber>${h24AdmissionDischargeRecord.addressDoors!'NA'}</houseNumber>
        <streetName>${h24AdmissionDischargeRecord.addressVillage!'NA'}</streetName>
        <township>${h24AdmissionDischargeRecord.addressTownship!'NA'}</township>
        <county>${h24AdmissionDischargeRecord.addressCounty!'NA'}</county>
        <city>${h24AdmissionDischargeRecord.addressCity!'NA'}</city>
        <state>${h24AdmissionDischargeRecord.addressProvince!'NA'}</state>
      </addr>
      <patient classCode="PSN" determinerCode="INSTANCE">
        <!--患者身份证号-->
        <id extension="${emrBasicpatient.identityNo!'000000000000000000'}" root="2.16.156.10011.1.3"/>
        <name>${h24AdmissionDischargeRecord.patientName!'NA'}</name>
        <administrativeGenderCode code="${h24AdmissionDischargeRecord.patientSex!'NA'}" codeSystem="2.16.156.10011.2.3.3.4" codeSystemName="生理性别代码表(GB/T 2261.1)" displayName="<@dict_tag value="${h24AdmissionDischargeRecord.patientSex!'NA'}" datasetCloumn="PATIENT_SEX">${dict.desc}</@dict_tag>"/>
        <maritalStatusCode code="${h24AdmissionDischargeRecord.maritalStatusCode!'NA'}" codeSystem="2.16.156.10011.2.3.3.5" codeSystemName="婚姻状况代码表(GB/T 2261.2)" displayName="<@dict_tag value="${h24AdmissionDischargeRecord.maritalStatusCode!'NA'}" datasetCloumn="MARITAL_STATUS_CODE">${dict.desc}</@dict_tag>"/>
        <#if h24AdmissionDischargeRecord.nation??>
        <ethnicGroupCode code="${h24AdmissionDischargeRecord.nation!'NA'}" codeSystem="2.16.156.10011.2.3.3.3" codeSystemName="民族类别代码表(GB 3304)" displayName="<@dict_tag value="${h24AdmissionDischargeRecord.nation!'NA'}" datasetCloumn="NATION">${dict.desc}</@dict_tag>"/>
        </#if>
        <!-- 年龄 -->
        <#if h24AdmissionDischargeRecord.ageYear??>
        <age unit="岁" value="${h24AdmissionDischargeRecord.ageYear!'NA'}"/>
        <#else>
        <age unit="月" value="${h24AdmissionDischargeRecord.patientMonth!'NA'}"/>
        </#if>
        <!--职业状况-->
        <occupation>
          <occupationCode code="${h24AdmissionDischargeRecord.occupatientionClassCode!'NA'}" displayName="<@dict_tag value="${h24AdmissionDischargeRecord.occupatientionClassCode!'NA'}" datasetCloumn="OCCUPATIENTION_CLASS_CODE">${dict.desc}</@dict_tag>" codeSystem="2.16.156.10011.2.3.3.13" codeSystemName="从业状况(个人身体)代码表(GB/T 2261.4)"/>
        </occupation>
      </patient>
    </patientRole>
  </recordTarget>
  <!-- 文档创作者 -->
  <author contextControlCode="OP" typeCode="AUT">
    <time value="${h24AdmissionDischargeRecord.outhosAdvicOpenDate!'NA'}"/>
    <assignedAuthor classCode="ASSIGNED">
      <id extension="${h24AdmissionDischargeRecord.outhosAdvicOpenerSig!'NA'}" root="2.16.156.10011.1.7"/>
      <assignedPerson>
        <name>${h24AdmissionDischargeRecord.outhosAdvicOpenerSig!'NA'}</name>
      </assignedPerson>
      <!--医生所在单位的基本信息-->
      <representedOrganization>
        <id extension="${hospitalInfo.organCode!'NA'}" root="2.16.156.10011.1.5"/>
        <name>${hospitalInfo.organName!'NA'}</name>
        <addr>${hospitalInfo.townShip!'NA'}</addr>
      </representedOrganization>
    </assignedAuthor>
  </author>
  <!-- 病史陈述者 -->
  <informant>
    <assignedEntity>
      <id/>
      <#if h24AdmissionDischargeRecord.presenterPatientRelatCode??>
      <!--陈述者与患者的关系代码-->
      <code code="${h24AdmissionDischargeRecord.presenterPatientRelatCode!'NA'}" codeSystem="2.16.156.10011.2.3.3.8" codeSystemName="家庭关系代码表(GB/T 4761)" displayName="<@dict_tag value="${h24AdmissionDischargeRecord.presenterPatientRelatCode!'NA'}" datasetCloumn="PRESENTER_PATIENT_RELAT_CODE">${dict.desc}</@dict_tag>"/>
      </#if>
      <assignedPerson>
        <name>${h24AdmissionDischargeRecord.medicalhisName!'NA'}</name>
      </assignedPerson>
    </assignedEntity>
  </informant>
  <!-- 保管机构 -->
  <custodian typeCode="CST">
    <assignedCustodian classCode="ASSIGNED">
      <representedCustodianOrganization classCode="ORG" determinerCode="INSTANCE">
        <id extension="${hospitalInfo.organCode!'NA'}" root="2.16.156.10011.1.5"/>
        <name>${hospitalInfo.organName!'NA'}</name>
      </representedCustodianOrganization>
    </assignedCustodian>
  </custodian>
  <!-- 最终审核者签名 -->
  <legalAuthenticator>
    <time/>
    <signatureCode/>
    <assignedEntity>
      <id extension="${h24AdmissionDischargeRecord.archiaterDoctorSign!'NA'}" root="2.16.156.10011.1.4"/>
      <code displayName="主任医师"/>
      <assignedPerson>
        <name>${h24AdmissionDischargeRecord.archiaterDoctorSign!'NA'}</name>
      </assignedPerson>
    </assignedEntity>
  </legalAuthenticator>
  <!-- 接诊医师签名 -->
  <authenticator>
    <time/>
    <signatureCode/>
    <assignedEntity>
      <id extension="${h24AdmissionDischargeRecord.receiveDoctorSign!'NA'}" root="2.16.156.10011.1.4"/>
      <code displayName="接诊医师"/>
      <assignedPerson>
        <name>${h24AdmissionDischargeRecord.receiveDoctorSign!'NA'}</name>
      </assignedPerson>
    </assignedEntity>
  </authenticator>
  <!--住院医师签名-->
  <authenticator>
    <time/>
    <signatureCode/>
    <assignedEntity>
      <id extension="${h24AdmissionDischargeRecord.inpDoctorSign!'NA'}" root="2.16.156.10011.1.4"/>
      <code displayName="住院医师"/>
      <assignedPerson>
        <name>${h24AdmissionDischargeRecord.inpDoctorSign!'NA'}</name>
      </assignedPerson>
    </assignedEntity>
  </authenticator>
  <!--主治医师签名-->
  <authenticator>
    <time/>
    <signatureCode/>
    <assignedEntity>
      <id extension="${h24AdmissionDischargeRecord.physicianDoctorSign!'NA'}" root="2.16.156.10011.1.4"/>
      <code displayName="主治医师"/>
      <assignedPerson>
        <name>${h24AdmissionDischargeRecord.physicianDoctorSign!'NA'}</name>
      </assignedPerson>
    </assignedEntity>
  </authenticator>
  <!--医嘱开立人签名-->
  <authenticator>
    <time value="${h24AdmissionDischargeRecord.outhosAdvicOpenDate!'NA'}"/>
    <signatureCode/>
    <assignedEntity>
      <id root="2.16.156.10011.1.4" extension="${h24AdmissionDischargeRecord.outhosAdvicOpenerSig!'NA'}"/>
      <code displayName="出院医嘱开立人"/>
      <assignedPerson>
        <name>${h24AdmissionDischargeRecord.outhosAdvicOpenerSig!'NA'}</name>
      </assignedPerson>
    </assignedEntity>
  </authenticator>
  <relatedDocument typeCode="RPLC">
    <parentDocument>
      <id/>
      <setId/>
      <versionNumber/>
    </parentDocument>
  </relatedDocument>
  <!-- 病床号、病房、病区、科室和医院的关联 -->
  <componentOf>
    <encompassingEncounter>
      <effectiveTime>
        <!-- 入院日期时间 -->
        <low value="${h24AdmissionDischargeRecord.inpDate!'NA'}"/>
        <!-- 出院日期时间 -->
        <high value="${h24AdmissionDischargeRecord.dishospitalDatetime!'NA'}"/>
      </effectiveTime>
    </encompassingEncounter>
  </componentOf>
  <component>
    <structuredBody>
      <!--主诉章节-->
      <component>
        <section>
          <code code="10154-3" codeSystem="2.16.840.1.113883.6.1" codeSystemName="LOINC" displayName="CHIEF COMPLAINT"/>
          <text/>
          <!--主诉条目-->
          <entry>
            <observation classCode="OBS" moodCode="EVN">
              <code code="DE04.01.119.00" codeSystem="2.16.156.10011.2.2.1" codeSystemName="卫生信息数据元目录" displayName="主诉"/>
              <value xsi:type="ST">${h24AdmissionDischargeRecord.chiefComplaint!'NA'}</value>
            </observation>
          </entry>
        </section>
      </component>
      <!--现病史章节-->
      <component>
        <section>
          <code code="10164-2" codeSystem="2.16.840.1.113883.6.1" codeSystemName="LOINC" displayName="HISTORY OF PRESENT ILLNESS"/>
          <text/>
          <!--现病史条目-->
          <entry>
            <observation classCode="OBS" moodCode="EVN">
              <code code="DE02.10.071.00" codeSystem="2.16.156.10011.2.2.1" codeSystemName="卫生信息数据元目录" displayName="现病史"/>
              <value xsi:type="ST">${h24AdmissionDischargeRecord.presentDiseaseHistory!'NA'}</value>
            </observation>
          </entry>
        </section>
      </component>
      <!--主要健康问题章节 -->
      <component>
        <section>
          <code code="11450-4" codeSystem="2.16.840.1.113883.6.1" codeSystemName="LOINC" displayName="PROBLEM LIST"/>
          <text/>
          <!--陈述内容可靠标志-->
          <entry>
            <observation classCode="OBS" moodCode="EVN">
              <code code="DE05.10.143.00" codeSystem="2.16.156.10011.2.2.1" codeSystemName="卫生信息数据元目录" displayName="陈述内容可靠标志"/>
              <value value="${h24AdmissionDischargeRecord.isCredible!'NA'}" xsi:type="BL"/>
            </observation>
          </entry>
          <!--症状名称-->
          <entry>
            <observation classCode="OBS" moodCode="EVN">
              <code code="DE04.01.118.00" codeSystem="2.16.156.10011.2.2.1" codeSystemName="卫生信息数据元目录" displayName="症状名称"/>
              <value xsi:type="ST">${h24AdmissionDischargeRecord.symptomName!'NA'}</value>
              <!--症状描述-->
              <entryRelationship inversionInd="false" typeCode="SUBJ">
                <observation classCode="OBS" moodCode="EVN">
                  <code code="DE04.01.117.00" codeSystem="2.16.156.10011.2.2.1" codeSystemName="卫生信息数据元目录" displayName="症状描述"/>
                  <value xsi:type="ST">${h24AdmissionDischargeRecord.symptomDesc!'NA'}</value>
                </observation>
              </entryRelationship>
            </observation>
          </entry>
          <!--中医“四诊”观察结果-->
          <entry>
            <observation classCode="OBS" moodCode="EVN">
              <code code="DE02.10.028.00" codeSystem="2.16.156.10011.2.2.1" codeSystemName="卫生信息数据元目录" displayName="中医“四诊”观察结果"/>
              <value xsi:type="ST">${h24AdmissionDischargeRecord.tcmFourResults!'NA'}</value>
            </observation>
          </entry>
        </section>
      </component>
      <!--入院诊断章节-->
      <component>
        <section>
          <code code="46241-6" codeSystem="2.16.840.1.113883.6.1" codeSystemName="LOINC" displayName="HOSPITAL ADMISSION DX"/>
          <text/>
          <!--入院诊断-西医条目-->
          <entry>
            <observation classCode="OBS" moodCode="EVN">
              <code code="DE05.01.025.00" codeSystem="2.16.156.10011.2.2.1" codeSystemName="卫生信息数据元目录" displayName="入院诊断-西医诊断名称"/>
              <value xsi:type="ST">${h24AdmissionDischargeRecord.inpWmDiagname!'NA'}</value>
              <entryRelationship typeCode="COMP">
                <observation classCode="OBS" moodCode="EVN">
                  <!--入院诊断-西医诊断编码-代码-->
                  <code code="DE05.01.024.00" codeSystem="2.16.156.10011.2.2.1" codeSystemName="卫生信息数据元目录" displayName="入院诊断-西医诊断编码"/>
                  <value code="${h24AdmissionDischargeRecord.inhosDiagWmDiagCode!'NA'}" codeSystem="2.16.156.10011.2.3.3.11" codeSystemName="ICD-10" displayName="<@dict_tag value="${h24AdmissionDischargeRecord.inhosDiagWmDiagCode!'NA'}" datasetCloumn="INHOS_DIAG_WM_DIAG_CODE">${dict.desc}</@dict_tag>" xsi:type="CD"/>
                </observation>
              </entryRelationship>
            </observation>
          </entry>
          <#if h24AdmissionDischargeRecord.inhosDiagCmDisCode??>
          <!--入院诊断-中医条目-->
          <entry>
            <observation classCode="OBS" moodCode="EVN">
              <code code="DE05.10.172.00" codeSystem="2.16.156.10011.2.2.1" codeSystemName="卫生信息数据元目录" displayName="入院诊断-中医病名名称"/>
              <value xsi:type="ST">${h24AdmissionDischargeRecord.inpTcmDiagname!'NA'}</value>
              <entryRelationship typeCode="COMP">
                <observation classCode="OBS" moodCode="EVN">
                  <!--入院诊断-中医诊断编码-代码-->
                  <code code="DE05.10.130.00" codeSystem="2.16.156.10011.2.2.1" codeSystemName="卫生信息数据元目录" displayName="入院诊断-中医病名代码"/>
                  <value code="${h24AdmissionDischargeRecord.inhosDiagCmDisCode!'NA'}" codeSystem="2.16.156.10011.2.3.3.14" codeSystemName="中医病证分类与代码表( GB/T 15657)" displayName="<@dict_tag value="${h24AdmissionDischargeRecord.inhosDiagCmDisCode!'NA'}" datasetCloumn="INHOS_DIAG_CM_DIS_CODE">${dict.desc}</@dict_tag>" xsi:type="CD"/>
                </observation>
              </entryRelationship>
              <entryRelationship typeCode="COMP">
                <observation classCode="OBS" moodCode="EVN">
                  <!--入院诊断-中医证候编码-名称-->
                  <code code="DE05.10.172.00" codeSystem="2.16.156.10011.2.2.1" codeSystemName="卫生信息数据元目录" displayName="入院诊断-中医证候名称"/>
                  <value xsi:type="ST">${h24AdmissionDischargeRecord.inpTcmSymptomname!'NA'}</value>
                </observation>
              </entryRelationship>
              <entryRelationship typeCode="COMP">
                <observation classCode="OBS" moodCode="EVN">
                  <!--入院诊断-中医证候编码-代码-->
                  <code code="DE05.10.130.00" codeSystem="2.16.156.10011.2.2.1" codeSystemName="卫生信息数据元目录" displayName="入院诊断-中医证候代码"/>
                  <value code="${h24AdmissionDischargeRecord.inhosDiagCmSyndromeCode!'NA'}" codeSystem="2.16.156.10011.2.3.3.14" codeSystemName="中医病证分类与代码表( GB/T 15657)" displayName="<@dict_tag value="${h24AdmissionDischargeRecord.inhosDiagCmSyndromeCode!'NA'}" datasetCloumn="INHOS_DIAG_CM_SYNDROME_CODE">${dict.desc}</@dict_tag>" xsi:type="CD"/>
                </observation>
              </entryRelationship>
            </observation>
          </entry>
          </#if>
        </section>
      </component>
      <!--治疗计划章节-->
      <component>
        <section>
          <code code="18776-5" codeSystem="2.16.840.1.113883.6.1" codeSystemName="LOINC" displayName="TREATMENT PLAN"/>
          <text/>
          <!--治则治法条目-->
          <entry>
            <observation classCode="OBS" moodCode="INT">
              <code code="DE06.00.300.00" codeSystem="2.16.156.10011.2.2.1" codeSystemName="卫生信息数据元目录" displayName="治则治法"/>
              <value code="${h24AdmissionDischargeRecord.therapeuticPrinciple!'NA'}" codeSystem="2.16.156.10011.2.3.3.15" codeSystemName="治则治法代码表(GB/T16751.3-1997)" displayName="<@dict_tag value="${h24AdmissionDischargeRecord.therapeuticPrinciple!'NA'}" datasetCloumn="THERAPEUTIC_PRINCIPLE">${dict.desc}</@dict_tag>" xsi:type="CD"/>
            </observation>
          </entry>
        </section>
      </component>
      <!--住院过程章节-->
      <component>
        <section>
          <code code="8648-8" codeSystem="2.16.840.1.113883.6.1" codeSystemName="LOINC" displayName="HOSPITAL COURSE"/>
          <text/>
          <!--入院情况条目-->
          <entry>
            <observation classCode="OBS" moodCode="EVN">
              <code code="DE05.10.148.00" codeSystem="2.16.156.10011.2.2.1" codeSystemName="卫生信息数据元目录" displayName="入院情况"/>
              <value xsi:type="ST">${h24AdmissionDischargeRecord.inpSituation!'NA'}</value>
            </observation>
          </entry>
          <!--诊疗过程描述条目-->
          <entry>
            <observation classCode="OBS" moodCode="EVN">
              <code code="DE06.00.296.00" codeSystem="2.16.156.10011.2.2.1" codeSystemName="卫生信息数据元目录" displayName="诊疗过程描述"/>
              <value xsi:type="ST">${h24AdmissionDischargeRecord.diagProcessDesc!'NA'}</value>
            </observation>
          </entry>
          <!--出院情况条目-->
          <entry>
            <observation classCode="OBS" moodCode="EVN">
              <code code="DE06.00.193.00" codeSystem="2.16.156.10011.2.2.1" codeSystemName="卫生信息数据元目录" displayName="出院情况"/>
              <value xsi:type="ST">${h24AdmissionDischargeRecord.dishospitalSituation!'NA'}</value>
            </observation>
          </entry>
        </section>
      </component>
      <!--出院诊断章节-->
      <component>
        <section>
          <code code="11535-2" codeSystem="2.16.840.1.113883.6.1" codeSystemName="LOINC" displayName="Discharge Diagnosis"/>
          <text/>
          <!--出院诊断-西医条目-->
          <entry>
            <observation classCode="OBS" moodCode="EVN">
              <code code="DE05.01.025.00" codeSystem="2.16.156.10011.2.2.1" codeSystemName="卫生信息数据元目录" displayName="出院诊断-西医诊断名称"/>
              <value xsi:type="ST">${h24AdmissionDischargeRecord.dishospitalWmDiagname!'NA'}</value>
              <entryRelationship typeCode="COMP">
                <observation classCode="OBS" moodCode="EVN">
                  <!--出院诊断-西医诊断编码-代码-->
                  <code code="DE05.01.024.00" codeSystem="2.16.156.10011.2.2.1" codeSystemName="卫生信息数据元目录" displayName="出院诊断-西医诊断编码"/>
                  <value code="${h24AdmissionDischargeRecord.dishospitalWmDiagcode!'NA'}" codeSystem="2.16.156.10011.2.3.3.11" codeSystemName="ICD-10" displayName="<@dict_tag value="${h24AdmissionDischargeRecord.dishospitalWmDiagcode!'NA'}" datasetCloumn="DISHOSPITAL_WM_DIAGCODE">${dict.desc}</@dict_tag>" xsi:type="CD"/>
                </observation>
              </entryRelationship>
            </observation>
          </entry>
          <#if h24AdmissionDischargeRecord.outhosTcmDisCode??>
          <!--出院诊断-中医条目-->
          <entry>
            <observation classCode="OBS" moodCode="EVN">
              <code code="DE05.10.172.00" codeSystem="2.16.156.10011.2.2.1" codeSystemName="卫生信息数据元目录" displayName="出院诊断-中医病名名称"/>
              <value xsi:type="ST">${h24AdmissionDischargeRecord.dishospitalTcmDiagname!'NA'}</value>
              <entryRelationship typeCode="COMP">
                <observation classCode="OBS" moodCode="EVN">
                  <!--出院诊断-中医诊断编码-代码-->
                  <code code="DE05.10.130.00" codeSystem="2.16.156.10011.2.2.1" codeSystemName="卫生信息数据元目录" displayName="出院诊断-中医病名代码"/>
                  <value code="${h24AdmissionDischargeRecord.outhosTcmDisCode!'NA'}" codeSystem="2.16.156.10011.2.3.3.14" codeSystemName="中医病证分类与代码表( GB/T 15657)" displayName="<@dict_tag value="${h24AdmissionDischargeRecord.outhosTcmDisCode!'NA'}" datasetCloumn="OUTHOS_TCM_DIS_CODE">${dict.desc}</@dict_tag>" xsi:type="CD"/>
                </observation>
              </entryRelationship>
              <entryRelationship typeCode="COMP">
                <observation classCode="OBS" moodCode="EVN">
                  <!--出院诊断-中医证候编码-名称-->
                  <code code="DE05.10.172.00" codeSystem="2.16.156.10011.2.2.1" codeSystemName="卫生信息数据元目录" displayName="出院诊断-中医证候名称"/>
                  <value xsi:type="ST">${h24AdmissionDischargeRecord.dishospitalTcmSymptomname!'NA'}</value>
                </observation>
              </entryRelationship>
              <entryRelationship typeCode="COMP">
                <observation classCode="OBS" moodCode="EVN">
                  <!--出院诊断-中医证候编码-代码-->
                  <code code="DE05.10.130.00" codeSystem="2.16.156.10011.2.2.1" codeSystemName="卫生信息数据元目录" displayName="出院诊断-中医证候代码"/>
                  <value code="${h24AdmissionDischargeRecord.outhosSyndromesDisCode!'NA'}" codeSystem="2.16.156.10011.2.3.3.14" codeSystemName="中医病证分类与代码表( GB/T 15657)" displayName="<@dict_tag value="${h24AdmissionDischargeRecord.outhosSyndromesDisCode!'NA'}" datasetCloumn="OUTHOS_SYNDROMES_DIS_CODE">${dict.desc}</@dict_tag>" xsi:type="CD"/>
                </observation>
              </entryRelationship>
            </observation>
          </entry>
          </#if>
        </section>
      </component>
      <!--医嘱章节-->
      <component>
        <section>
          <code code="46209-3" codeSystem="2.16.840.1.113883.6.1" codeSystemName="LOINC" displayName="PROVIDER ORDERS"/>
          <text/>
          <!--出院医嘱条目-->
          <entry>
            <observation classCode="OBS" moodCode="RQO">
              <code code="DE06.00.287.00" codeSystem="2.16.156.10011.2.2.1" codeSystemName="卫生信息数据元目录" displayName="出院医嘱"/>
              <!--出院医嘱开立日期时间-->
              <effectiveTime value="${h24AdmissionDischargeRecord.outhosAdvicOpenDate!'NA'}"/>
              <value xsi:type="ST">${h24AdmissionDischargeRecord.outhosAdvic!'NA'}</value>
            </observation>
          </entry>
        </section>
      </component>
    </structuredBody>
  </component>
</ClinicalDocument>